"SalePrice","OverallQual","GrLivArea","GarageCars","GarageArea","TotalBsmtSF","YearBuilt","FullBath","BedroomAbvGr","LotArea","Neighborhood"
208500,7,1710,2,548,856,2003,2,3,8450,"CollgCr"
181500,6,1262,2,460,1262,1976,2,3,9600,"Veenker"
223500,7,1786,2,608,920,2001,2,3,11250,"CollgCr"
140000,7,1717,3,642,756,1915,1,3,9550,"Crawfor"
250000,8,2198,3,836,1145,2000,2,4,14260,"NoRidge"
143000,5,1362,2,480,796,1993,1,1,14115,"Mitchel"
307000,8,1694,2,636,1686,2004,2,3,10084,"Somerst"
200000,7,2090,2,484,1107,1973,2,3,10382,"NWAmes"
129900,7,1774,2,468,952,1931,2,2,6120,"OldTown"
118000,5,1077,1,205,991,1939,1,2,7420,"BrkSide"
129500,5,1040,1,384,1040,1965,1,3,11200,"Sawyer"
345000,9,2324,3,736,1175,2005,3,4,11924,"NridgHt"
144000,5,912,1,352,912,1962,1,2,12968,"Sawyer"
279500,7,1494,3,840,1494,2006,2,3,10652,"CollgCr"
157000,6,1253,1,352,1253,1960,1,2,10920,"NAmes"
132000,7,854,2,576,832,1929,1,2,6120,"BrkSide"
149000,6,1004,2,480,1004,1970,1,2,11241,"NAmes"
90000,4,1296,2,516,0,1967,2,2,10791,"Sawyer"
159000,5,1114,2,576,1114,2004,1,3,13695,"SawyerW"
139000,5,1339,1,294,1029,1958,1,3,7560,"NAmes"
325300,8,2376,3,853,1158,2005,3,4,14215,"NridgHt"
139400,7,1108,1,280,637,1930,1,3,7449,"IDOTRR"
230000,8,1795,2,534,1777,2002,2,3,9742,"CollgCr"
129900,5,1060,2,572,1040,1976,1,3,4224,"MeadowV"
154000,5,1060,1,270,1060,1968,1,3,8246,"Sawyer"
256300,8,1600,3,890,1566,2007,2,3,14230,"NridgHt"
134800,5,900,2,576,900,1951,1,3,7200,"NAmes"
306000,8,1704,3,772,1704,2007,2,3,11478,"NridgHt"
207500,5,1600,1,319,1484,1957,1,2,16321,"NAmes"
68500,4,520,1,240,520,1927,1,1,6324,"BrkSide"
40000,4,1317,1,250,649,1920,1,3,8500,"IDOTRR"
149350,5,1228,1,271,1228,1966,1,3,8544,"Sawyer"
179900,8,1234,2,484,1234,2007,2,3,11049,"CollgCr"
165500,5,1700,2,447,1398,1959,1,4,10552,"NAmes"
277500,9,1561,2,556,1561,2005,2,2,7313,"NridgHt"
309000,8,2452,3,691,1117,2004,3,4,13418,"NridgHt"
145000,5,1097,2,672,1097,1994,1,3,10859,"CollgCr"
153000,5,1297,2,498,1297,1954,1,3,8532,"NAmes"
109000,5,1057,1,246,1057,1953,1,3,7922,"NAmes"
82000,4,1152,0,0,0,1955,2,2,6040,"Edwards"
160000,6,1324,2,440,1088,1965,2,3,8658,"NAmes"
170000,5,1328,1,308,1350,1959,1,2,16905,"Timber"
144000,5,884,2,504,840,1983,1,2,9180,"SawyerW"
130250,5,938,1,308,938,1975,1,3,9200,"CollgCr"
141000,5,1150,1,300,1150,1959,1,3,7945,"NAmes"
319900,9,1752,2,576,1752,2005,2,2,7658,"NridgHt"
239686,7,2149,2,670,1434,2003,1,1,12822,"Mitchel"
249700,8,1656,3,826,1656,2006,2,3,11096,"Somerst"
113000,4,1452,0,0,736,1920,2,2,4456,"OldTown"
127000,5,955,1,386,955,1966,1,3,7742,"Sawyer"
177000,6,1470,2,388,794,1997,2,3,13869,"Gilbert"
114500,6,1176,2,528,816,1934,1,3,6240,"BrkSide"
110000,5,816,2,516,816,1963,1,2,8472,"IDOTRR"
385000,9,1842,3,894,1842,1981,0,0,50271,"Veenker"
130000,5,1360,2,572,384,1955,1,3,7134,"NAmes"
180500,6,1425,2,576,1425,1964,2,3,10175,"NAmes"
172500,8,1739,2,480,970,1999,2,3,2645,"Somerst"
196500,7,1720,2,565,860,2004,2,3,11645,"CollgCr"
438780,10,2945,3,641,1410,2006,3,3,13682,"StoneBr"
124900,5,780,1,352,780,1972,1,2,7200,"CollgCr"
158000,6,1158,2,576,1158,2004,1,3,13072,"SawyerW"
101000,5,1111,1,288,530,1920,1,3,7200,"IDOTRR"
202500,8,1370,2,484,1370,2006,2,2,6442,"NridgHt"
140000,7,1710,2,480,576,1921,2,3,10300,"OldTown"
219500,7,2034,2,645,1057,1997,2,3,9375,"CollgCr"
317000,8,2473,3,852,1143,2004,2,4,9591,"NridgHt"
180000,7,2207,2,576,1947,1970,2,3,19900,"NAmes"
226000,7,1479,2,558,1453,2003,2,3,10665,"CollgCr"
80000,4,747,1,220,747,1945,1,2,4608,"OldTown"
225000,7,2287,2,667,1304,1953,2,3,15593,"ClearCr"
244000,7,2223,2,516,2223,1973,2,3,13651,"NAmes"
129500,4,845,2,360,845,1982,1,2,7599,"Mitchel"
185000,7,1718,2,427,832,1998,2,3,10141,"Gilbert"
144900,5,1086,2,490,1086,1954,1,3,10200,"NAmes"
107400,3,1605,1,379,840,1915,2,3,5790,"OldTown"
91000,4,988,1,297,462,1973,1,2,1596,"MeadowV"
135750,4,952,1,283,952,1956,1,2,8475,"NAmes"
127000,5,1285,1,240,672,1948,1,2,8635,"BrkSide"
136500,4,1768,0,0,1768,1968,2,4,10778,"Sawyer"
110000,5,1230,2,440,440,1910,1,2,10440,"OldTown"
193500,6,2142,1,509,896,1968,2,4,13000,"NAmes"
153500,6,1337,2,405,1237,1998,2,2,4500,"Mitchel"
245000,8,1563,3,758,1563,2007,2,3,10206,"Somerst"
126500,5,1065,2,461,1065,1960,1,3,8892,"NAmes"
168500,7,1474,2,400,384,1995,2,3,8530,"Gilbert"
260000,8,2417,2,462,1288,1991,2,4,16059,"NoRidge"
174000,6,1560,2,400,684,2005,2,3,11911,"Gilbert"
164500,6,1224,2,528,612,2009,2,2,3951,"Somerst"
85000,3,1526,0,0,1013,1915,1,2,8470,"IDOTRR"
123600,4,990,0,0,990,1994,1,3,8070,"CollgCr"
109900,4,1040,2,420,0,1950,1,2,7200,"NAmes"
98600,5,1235,2,480,1235,1961,1,2,8500,"NAmes"
163500,5,964,2,432,876,1921,1,2,13360,"Crawfor"
133900,6,2291,2,506,1214,1910,2,4,7200,"OldTown"
204750,6,1786,2,684,824,1997,2,3,9337,"CollgCr"
185000,6,1470,2,420,680,1993,2,3,9765,"Gilbert"
214000,7,1588,2,472,1588,1999,2,3,10264,"CollgCr"
94750,4,960,1,432,960,1965,1,3,10921,"Edwards"
83000,5,835,1,366,458,1920,1,2,10625,"Edwards"
128950,4,1225,0,0,950,1959,1,3,9320,"NAmes"
205000,6,1610,2,480,1610,1977,2,3,10603,"NWAmes"
178000,6,1732,2,476,741,1985,2,3,9206,"SawyerW"
118964,5,1535,2,410,0,1979,2,4,7018,"SawyerW"
198900,7,1226,3,740,1226,2009,2,3,10402,"CollgCr"
169500,7,1818,1,240,1040,1931,1,4,7758,"IDOTRR"
250000,8,1992,2,648,1053,2003,2,3,9375,"Somerst"
100000,4,1047,1,273,641,1885,1,2,10800,"OldTown"
115000,5,789,1,250,789,1948,1,2,6000,"OldTown"
115000,5,1517,0,0,793,1919,2,3,8500,"IDOTRR"
190000,6,1844,2,546,1844,1977,2,3,11751,"NWAmes"
136900,6,1855,1,325,994,1954,2,4,9525,"Edwards"
180000,7,1430,2,400,384,2000,2,3,7750,"Gilbert"
383970,7,2696,3,792,1264,2007,2,4,9965,"CollgCr"
217000,6,2259,2,450,1809,1953,2,3,21000,"Crawfor"
259500,6,2320,1,180,1028,1945,2,3,7259,"Crawfor"
176000,6,1458,2,440,729,1999,2,2,3230,"Somerst"
139000,5,1092,1,288,1092,1962,1,3,11616,"Sawyer"
155000,5,1125,2,430,1125,2006,1,2,8536,"Edwards"
320000,7,3222,3,594,1673,1990,3,5,12376,"SawyerW"
163990,6,1456,2,390,728,2005,2,3,8461,"CollgCr"
180000,6,988,2,540,938,1969,1,1,21453,"ClearCr"
100000,4,1123,1,264,732,1939,1,3,6060,"IDOTRR"
136000,6,1080,1,288,1080,1958,1,3,9464,"NAmes"
153900,6,1199,2,530,1199,1993,2,2,7892,"SawyerW"
181000,6,1586,2,435,1362,1979,2,3,17043,"NWAmes"
84500,6,754,0,0,520,1935,1,2,6780,"IDOTRR"
128000,6,958,2,440,1078,1976,2,2,4928,"NPkVill"
87000,5,840,0,0,672,1930,1,3,4388,"OldTown"
155000,6,1348,2,453,660,1966,1,3,7590,"NAmes"
150000,5,1053,2,750,1008,1958,1,3,8973,"NAmes"
226000,7,2157,2,487,924,1966,2,4,14200,"NAmes"
244000,6,2054,2,390,992,2000,2,3,12224,"Gilbert"
150750,5,1327,2,624,1063,1959,1,3,7388,"NAmes"
220000,8,1296,2,471,1267,2001,2,2,6853,"Timber"
180000,5,1721,2,440,1461,1968,2,3,10335,"Sawyer"
174000,7,1682,2,530,1304,1970,2,3,10400,"NWAmes"
143000,5,1214,1,318,1214,1967,2,3,10355,"NAmes"
171000,7,1959,3,766,1907,1988,3,5,11070,"Mitchel"
230000,8,1852,3,660,1004,1999,2,3,9066,"CollgCr"
231500,6,1764,2,470,928,1997,2,3,15426,"CollgCr"
115000,4,864,0,0,864,1971,1,3,10500,"NAmes"
260000,7,1734,2,660,1734,2005,2,3,11645,"CollgCr"
166000,5,1385,2,720,910,1952,2,4,8520,"NAmes"
204000,7,1501,2,577,1490,1999,2,3,10335,"CollgCr"
125000,5,1728,2,504,1728,1963,2,6,9100,"Sawyer"
130000,6,1709,2,380,970,2004,2,3,2522,"Edwards"
105000,5,875,1,180,715,1931,1,2,6120,"BrkSide"
222500,7,2035,2,434,884,2001,2,3,9505,"Gilbert"
141000,7,1080,0,0,1080,2004,1,3,7500,"SawyerW"
115000,5,1344,1,240,896,1936,1,3,6240,"BrkSide"
122000,5,969,2,440,969,1975,1,3,10356,"CollgCr"
372402,8,1710,3,866,1710,2007,2,2,13891,"NridgHt"
190000,6,1993,2,495,825,1971,2,4,14803,"NWAmes"
235000,6,1252,2,564,1602,1960,1,1,13500,"ClearCr"
125000,6,1200,1,312,1200,1923,1,4,11340,"OldTown"
79000,6,1096,0,0,572,1924,1,2,9600,"Edwards"
109500,5,1040,2,625,0,1950,1,2,7200,"NAmes"
269500,8,1968,3,680,774,2009,2,4,12003,"Timber"
254900,7,1947,2,678,991,2004,2,3,12552,"Somerst"
320000,7,2462,2,576,1392,2005,2,4,19378,"Gilbert"
162500,6,1232,2,516,1232,1984,2,3,11120,"Veenker"
412500,9,2668,3,726,1572,2003,2,3,13688,"NridgHt"
220000,7,1541,2,532,1541,2005,2,3,12182,"NridgHt"
103200,4,882,0,0,882,1956,1,1,5500,"OldTown"
152000,6,1616,1,216,1149,1926,2,3,5400,"OldTown"
127500,5,1355,0,0,644,1940,2,4,10106,"Edwards"
190000,5,1867,1,303,1617,1955,1,2,10708,"ClearCr"
325624,8,2161,3,789,1582,2007,1,3,10562,"NridgHt"
183500,7,1720,2,440,840,2004,2,3,8244,"Gilbert"
228000,8,1707,2,511,1686,1981,2,2,16669,"Timber"
128500,5,1382,2,660,720,1941,1,2,12358,"OldTown"
215000,6,1656,2,528,1080,1960,1,3,31770,"NAmes"
239000,7,1767,2,504,1064,1987,2,2,5306,"StoneBr"
163000,6,1362,2,504,1362,1961,1,3,10197,"NAmes"
184000,6,1651,2,616,1606,1986,2,3,12416,"Timber"
243000,6,2158,2,576,1202,1950,2,4,12615,"Edwards"
211000,6,2060,2,521,1151,1988,2,4,10029,"ClearCr"
172500,5,1920,2,451,1052,1958,2,4,13650,"Sawyer"
501837,9,2234,3,1166,2216,2008,2,1,17423,"StoneBr"
100000,5,968,2,480,968,1923,1,2,8520,"OldTown"
177000,6,1525,2,440,756,2000,2,3,2117,"Somerst"
200100,7,1802,1,216,793,1920,1,4,7588,"Crawfor"
120000,5,1340,1,252,0,1957,1,3,9060,"Edwards"
200000,7,2082,2,484,1362,2003,2,3,11426,"OldTown"
127000,5,1252,2,576,504,1908,1,3,7438,"BrkSide"
475000,10,3608,3,840,1107,1892,2,4,22950,"OldTown"
173000,7,1217,2,497,1188,1990,2,3,9947,"Mitchel"
135000,5,1656,1,180,660,1916,2,3,10410,"OldTown"
153337,5,1224,2,528,1086,1979,0,2,7018,"SawyerW"
286000,8,1593,2,682,1593,2001,1,0,4923,"StoneBr"
315000,8,2727,2,440,853,1932,2,3,10570,"Crawfor"
184000,7,1479,2,484,725,1972,1,4,7472,"NAmes"
192000,7,1431,2,666,1431,1999,2,3,9017,"CollgCr"
130000,7,1709,2,380,970,2004,2,3,2522,"Edwards"
127000,5,864,1,352,864,1972,1,3,7180,"CollgCr"
148500,6,1456,2,440,855,1976,2,3,2280,"NPkVill"
311872,7,1726,3,786,1726,2007,2,3,9416,"Somerst"
235000,8,3112,2,795,1360,1918,2,4,25419,"NAmes"
104000,6,2229,0,0,755,1912,1,5,5520,"OldTown"
274900,8,1713,3,856,1713,2004,2,3,9591,"NridgHt"
140000,4,1121,2,440,1121,2003,2,2,8546,"Edwards"
171500,6,1279,2,473,1196,1977,2,3,10125,"Mitchel"
112000,6,1310,1,398,617,1924,2,2,7000,"OldTown"
149000,6,848,2,420,848,2004,1,1,4438,"CollgCr"
110000,5,1284,1,240,720,1947,1,2,3500,"OldTown"
180500,7,1442,2,500,1424,1990,2,3,11851,"Gilbert"
143900,5,1696,1,349,1140,1962,1,3,13673,"Sawyer"
141000,4,1100,1,312,1100,1960,1,3,12493,"NAmes"
277000,7,2062,2,454,1157,1988,2,3,14364,"SawyerW"
145000,6,1092,2,504,1092,1964,1,3,8250,"NAmes"
98000,5,864,0,0,864,1925,1,2,5604,"Edwards"
186000,6,1212,2,460,1212,2009,2,3,10420,"Edwards"
252678,7,1852,2,644,900,2009,2,3,8640,"Somerst"
156000,5,990,2,576,990,1995,1,3,13568,"CollgCr"
161750,6,1392,1,299,689,1977,1,3,10900,"CollgCr"
134450,5,1236,1,447,1070,1957,1,2,10011,"NAmes"
210000,7,1436,2,484,1436,2004,2,3,8450,"CollgCr"
107000,4,1328,1,210,686,1925,1,3,9906,"OldTown"
311500,7,1954,2,431,798,1939,1,3,15660,"Crawfor"
167240,7,1248,2,438,1248,2005,2,2,3010,"Blmngtn"
204900,7,1498,2,675,1498,2006,2,2,8990,"CollgCr"
200000,6,2267,2,390,1010,2002,2,4,8068,"Gilbert"
179900,6,1552,2,434,713,1975,2,3,11475,"NWAmes"
97000,4,864,2,576,864,1971,1,2,10500,"NAmes"
386250,10,2392,3,968,2392,2003,2,3,13472,"NridgHt"
112000,5,1302,1,280,630,1971,2,3,1680,"BrDale"
290000,7,2520,3,721,1203,1995,2,4,9950,"NoRidge"
106000,6,987,1,280,483,1970,1,2,1869,"BrDale"
125000,5,912,1,336,912,1967,1,3,8521,"Sawyer"
192500,7,1555,2,430,1373,2005,2,2,3182,"Blmngtn"
148000,6,1194,1,312,1194,1959,1,3,8760,"NAmes"
403000,8,2794,3,810,1462,1995,2,4,15138,"NoRidge"
94500,6,987,1,288,483,1972,1,2,1680,"BrDale"
128200,5,894,1,308,894,1976,1,3,10650,"CollgCr"
216500,6,1960,2,440,860,2002,2,4,7851,"Gilbert"
89500,6,987,1,264,483,1971,1,2,1680,"BrDale"
185500,7,1414,2,494,1414,2004,2,3,8773,"CollgCr"
194500,7,1744,2,457,996,1993,2,3,9453,"SawyerW"
318000,8,1694,3,818,1694,2007,2,3,12030,"NridgHt"
113000,6,1487,1,220,735,1945,1,3,8741,"Edwards"
262500,8,1566,2,750,1566,2008,2,3,9000,"Somerst"
110500,5,866,0,0,686,1945,1,2,3880,"OldTown"
79000,5,1440,1,352,540,1900,1,3,5000,"OldTown"
120000,6,1217,1,288,626,1980,1,3,10762,"SawyerW"
205000,7,2110,2,463,948,1994,2,3,8880,"SawyerW"
241500,7,1872,2,604,1845,1988,2,3,10400,"NWAmes"
137000,6,1928,1,440,1020,1910,2,4,9142,"OldTown"
140000,6,1375,2,451,1367,1954,1,2,11310,"NAmes"
180000,7,1668,2,500,840,2003,2,3,11317,"CollgCr"
277000,6,2144,2,389,1444,1958,2,4,159000,"ClearCr"
76500,3,1306,0,0,728,1940,1,3,5350,"BrkSide"
235000,8,1625,2,538,1573,2006,2,2,4750,"Crawfor"
173000,6,1640,2,520,798,2004,2,3,8366,"SawyerW"
158000,6,1302,1,309,1302,1964,2,3,9350,"NAmes"
145000,5,1314,1,294,1314,1957,1,3,8400,"NAmes"
230000,7,2291,2,429,975,1999,2,4,8738,"Gilbert"
207500,6,1728,2,673,864,2003,2,3,8791,"Somerst"
220000,7,1604,2,660,1604,2006,2,3,8814,"CollgCr"
231500,7,1792,2,564,963,2001,2,3,12435,"CollgCr"
97000,5,882,1,308,0,1956,1,2,12702,"OldTown"
176000,6,1382,2,884,1362,1962,1,3,19296,"NAmes"
276000,8,2574,3,868,1482,2007,2,3,9588,"CollgCr"
151000,6,1212,2,492,506,1977,1,3,8471,"Sawyer"
130000,5,1316,2,484,926,1929,1,3,5500,"OldTown"
73000,5,764,2,504,680,1925,1,2,5232,"OldTown"
175500,6,1422,2,576,1422,1981,2,3,12090,"NWAmes"
185000,6,1511,2,413,802,1997,2,3,11207,"Gilbert"
179500,5,2192,1,240,720,1939,2,4,8400,"SWISU"
120500,5,778,1,924,740,1940,1,2,6900,"IDOTRR"
148000,6,1113,1,504,1143,1976,1,3,7917,"Edwards"
266000,8,1939,3,1053,1095,2006,2,3,10728,"Somerst"
241500,7,1363,2,439,1385,1954,1,2,39104,"ClearCr"
290000,8,2270,3,671,1152,1999,2,4,11764,"NoRidge"
139000,6,1632,1,338,1240,1958,2,3,9600,"NAmes"
124500,5,816,1,264,816,1982,1,2,8314,"Mitchel"
205000,7,1548,2,672,952,1925,2,3,7264,"BrkSide"
201000,7,1560,2,573,1560,2003,2,3,9196,"Mitchel"
141000,4,864,2,400,864,1951,1,2,19138,"Gilbert"
415298,9,2121,3,732,2121,2006,2,3,14450,"NridgHt"
192000,7,2022,2,505,1160,1977,2,4,10005,"ClearCr"
228500,7,1982,2,575,807,1989,2,3,11287,"SawyerW"
185000,6,1262,2,572,1262,2006,2,2,7200,"Somerst"
207500,7,1314,2,626,1314,2007,2,2,5063,"NridgHt"
244600,8,1468,3,898,1468,2008,2,3,9612,"Somerst"
179200,6,1575,2,529,1575,1992,2,2,8012,"SawyerW"
164700,7,1250,2,528,625,2006,2,2,4251,"Somerst"
159000,6,1734,2,440,912,1962,1,3,9786,"NAmes"
88000,4,858,0,0,858,1971,1,3,8125,"NAmes"
122000,5,900,1,280,882,1967,1,3,9819,"Sawyer"
153575,6,1396,1,384,698,1915,1,3,8730,"BrkSide"
233230,8,1919,2,685,1079,2006,2,3,15611,"CollgCr"
135900,5,1716,0,0,780,1912,2,6,5687,"SWISU"
131000,5,1716,1,281,768,1949,1,3,11409,"Edwards"
235000,7,2263,2,539,795,1977,2,3,16659,"NWAmes"
167000,6,1644,2,418,1416,1953,1,3,9600,"NAmes"
142500,6,1003,2,588,1003,1984,1,3,7937,"Mitchel"
152000,5,1558,1,282,910,1950,1,4,13710,"IDOTRR"
239000,7,1950,2,576,975,1997,2,3,7399,"Somerst"
175000,6,1743,2,539,702,1968,1,3,11700,"NWAmes"
158500,6,1152,1,300,1092,1950,1,3,14000,"Crawfor"
157000,5,1336,1,375,1165,1953,1,2,15750,"Crawfor"
267000,8,2452,2,683,1028,1998,2,4,16226,"CollgCr"
205000,7,1541,3,843,1541,2001,2,3,13704,"CollgCr"
149900,5,894,2,552,894,1972,1,3,9800,"CollgCr"
295000,7,3493,3,870,1470,1880,3,3,18386,"OldTown"
305900,8,2000,3,888,2000,2004,2,3,10386,"CollgCr"
225000,7,2243,3,746,700,1990,2,4,13474,"SawyerW"
89500,6,1406,0,0,319,1920,1,3,7920,"IDOTRR"
82500,4,861,2,539,861,1940,1,1,12342,"Edwards"
360000,9,1944,3,708,1896,2003,2,3,12378,"NridgHt"
165600,6,1501,2,420,697,1993,2,3,7685,"Gilbert"
132000,6,972,1,240,972,1948,1,2,8000,"NAmes"
119900,5,1118,2,410,793,1939,1,3,7800,"OldTown"
375000,7,2036,2,513,2136,1965,2,3,215245,"Timber"
178000,7,1641,2,546,728,1925,1,3,9600,"OldTown"
188500,7,1432,2,432,716,2004,2,3,7795,"Gilbert"
260000,7,2353,2,484,845,1980,2,4,13005,"NWAmes"
270000,8,1959,3,1025,1088,2006,2,3,9000,"Somerst"
260000,7,2646,3,656,1347,1993,2,4,9900,"NoRidge"
187500,7,1472,2,588,1372,1980,2,3,14115,"NWAmes"
342643,9,2596,3,840,1249,2006,3,4,16259,"NridgHt"
354000,8,2468,3,872,1136,2004,2,4,12099,"NridgHt"
301000,7,2730,2,576,1502,1986,2,4,10380,"SawyerW"
126175,3,1163,1,220,1162,1955,1,3,5820,"OldTown"
242000,7,2978,2,564,710,1967,2,5,11275,"NAmes"
87000,5,803,2,360,720,1941,1,2,5000,"IDOTRR"
324000,8,1719,2,473,1719,1993,1,1,10846,"Veenker"
145250,6,1383,1,292,1383,1960,1,3,11600,"NAmes"
214500,6,2134,2,441,844,1916,2,5,11888,"BrkSide"
78000,5,1192,1,189,596,1920,1,3,6402,"IDOTRR"
119000,5,1728,1,352,1728,1964,2,6,10624,"NAmes"
139000,5,1056,1,308,1056,1958,1,3,8176,"NAmes"
284000,8,1629,3,880,3206,2003,2,3,10655,"NridgHt"
207000,7,1358,2,484,1358,2004,2,2,8198,"NridgHt"
192000,6,1638,2,472,943,1998,2,3,9042,"Gilbert"
228950,5,1786,2,529,1499,1965,2,3,164660,"Timber"
377426,9,1922,3,676,1922,2005,2,3,14157,"StoneBr"
214000,7,1536,2,532,1536,2002,2,3,9135,"CollgCr"
202500,7,1621,2,440,1208,1984,2,3,14145,"NWAmes"
155000,6,1215,1,297,1215,1958,1,3,12400,"NAmes"
202900,8,1908,2,431,967,2002,2,4,14191,"Timber"
82000,4,841,1,294,721,1950,1,2,8400,"SawyerW"
87500,3,1040,2,400,0,1949,2,2,8544,"NAmes"
266000,9,1684,2,564,1684,2005,2,2,8849,"NridgHt"
85000,5,1112,1,336,536,1976,1,3,2592,"MeadowV"
140200,6,1577,1,312,972,1939,1,3,6435,"BrkSide"
151500,6,958,1,301,958,1960,1,2,12772,"NAmes"
157500,6,1478,2,498,1478,1960,2,3,17600,"NAmes"
154000,7,1626,2,474,764,2003,2,2,2448,"NridgHt"
437154,9,2728,3,706,1848,2005,2,4,20431,"NridgHt"
318061,9,1869,2,617,1869,2007,2,2,7820,"NridgHt"
190000,7,1453,2,445,1453,1986,1,2,5271,"ClearCr"
95000,5,1111,1,200,616,1941,1,3,9084,"Edwards"
105900,6,720,2,484,624,1928,1,2,8520,"OldTown"
140000,6,1595,1,240,940,1940,1,2,8400,"SWISU"
177500,6,1200,2,521,1200,1995,2,3,11249,"CollgCr"
173000,6,1167,2,400,1158,1992,2,3,9248,"Gilbert"
134000,5,1142,2,528,1142,1976,1,3,4224,"MeadowV"
130000,5,1352,1,288,1062,1958,1,3,6930,"ClearCr"
280000,8,1924,2,592,1086,1998,2,3,12011,"NoRidge"
156000,6,912,2,470,888,1978,1,2,7540,"Mitchel"
145000,5,1505,1,240,883,1940,1,3,9144,"BrkSide"
198500,7,1922,2,672,0,2003,3,4,7301,"Edwards"
118000,6,987,1,264,483,1972,1,2,1680,"BrDale"
190000,6,1574,2,566,796,1976,2,3,18800,"NWAmes"
147000,5,1344,1,468,672,1920,1,3,10690,"IDOTRR"
159000,6,1394,2,514,1394,1963,1,3,9500,"NAmes"
165000,6,1431,1,296,1099,1962,1,3,9150,"NAmes"
132000,5,1268,1,244,1268,1954,1,2,7800,"NAmes"
162000,5,1287,2,576,1063,1959,1,3,9830,"NAmes"
172400,6,1664,2,460,953,2000,2,3,8121,"Gilbert"
134432,4,1588,2,680,0,1959,2,4,17120,"ClearCr"
125000,6,752,1,264,744,1984,1,2,7175,"SawyerW"
123000,5,1319,1,270,608,1953,1,3,10634,"NAmes"
219500,7,1928,2,434,847,2003,2,4,8200,"CollgCr"
61000,1,904,0,0,683,1922,0,1,10020,"Edwards"
148000,5,914,2,576,870,1996,1,2,8846,"CollgCr"
340000,8,2466,2,610,1580,2004,3,4,11143,"Somerst"
394432,9,1856,3,834,1856,2010,1,1,11394,"StoneBr"
179000,6,1800,2,463,982,2000,2,3,8123,"Gilbert"
127000,5,1691,1,308,1026,1924,2,3,5000,"SWISU"
187750,7,1301,2,572,1293,2006,2,2,7200,"Somerst"
213500,7,1797,2,639,939,2006,2,3,9245,"CollgCr"
76000,6,784,2,360,784,1928,1,2,9000,"SawyerW"
240000,6,1953,2,501,1580,1992,2,3,53107,"ClearCr"
192000,8,1269,2,430,1256,2004,2,2,3182,"Blmngtn"
81000,5,1184,0,0,658,1910,1,5,8410,"Edwards"
125000,6,1125,1,352,1041,1976,1,3,7200,"Edwards"
191000,7,1479,2,577,1468,1999,2,3,9382,"CollgCr"
426000,10,2332,3,846,1682,2007,2,3,12474,"NridgHt"
119000,5,1367,1,384,861,1900,1,4,8405,"Edwards"
215000,6,1961,2,560,804,2001,2,3,12209,"Mitchel"
106500,5,882,1,294,0,1959,1,3,8339,"NAmes"
100000,4,788,0,0,788,1941,1,2,7446,"BrkSide"
109000,5,1034,1,240,735,1940,1,2,10134,"OldTown"
129000,5,1144,1,596,1144,1956,1,3,9571,"Edwards"
123000,5,894,2,600,894,1972,1,2,7200,"CollgCr"
169500,5,1812,1,264,864,1962,2,4,7590,"NAmes"
67000,5,1077,1,338,961,1920,1,2,8967,"IDOTRR"
241000,7,1550,2,438,1092,2006,2,2,8125,"Somerst"
245500,8,1288,2,500,1260,1996,1,1,14963,"Veenker"
164990,7,1310,2,400,1310,2005,2,3,8767,"CollgCr"
108000,5,672,1,240,672,1940,1,2,10200,"Sawyer"
258000,8,2263,2,420,1141,1998,2,4,12090,"NoRidge"
168000,6,1572,2,373,806,1995,2,3,10364,"Gilbert"
150000,4,1620,2,490,1281,1976,2,3,9991,"Sawyer"
115000,6,1639,1,240,1064,1936,1,3,10480,"SWISU"
177000,6,1680,1,308,840,1915,2,4,15576,"Crawfor"
280000,7,2172,3,947,1063,2006,2,3,14154,"NridgHt"
339750,8,2078,3,836,1034,2007,2,3,10800,"Somerst"
60000,5,1276,1,350,1276,1958,1,3,9571,"Edwards"
145000,5,1056,2,572,1056,1955,1,3,34650,"Gilbert"
222000,7,1478,2,484,1470,2009,2,2,4403,"Somerst"
115000,5,1028,2,360,1008,1927,1,2,8960,"OldTown"
228000,7,2097,3,678,1080,1993,2,3,11228,"SawyerW"
181134,7,1340,2,396,1340,2007,2,3,8899,"Gilbert"
149500,6,1400,2,440,672,1978,1,3,7844,"Sawyer"
239000,6,2624,3,864,1370,1918,2,4,22420,"Crawfor"
126000,5,1134,1,240,756,1940,1,3,8160,"Edwards"
142000,5,1056,1,304,1056,1968,1,3,8450,"NAmes"
206300,7,1344,4,784,1344,1997,2,2,7060,"Mitchel"
215000,6,1602,2,529,1602,1977,2,3,16635,"NWAmes"
113000,5,988,2,520,988,1954,1,2,21750,"Mitchel"
315000,8,2630,3,696,1470,1998,2,4,9200,"NoRidge"
139000,6,1196,1,297,1196,1956,1,2,9000,"NAmes"
135000,7,1389,1,240,651,1946,1,3,3378,"OldTown"
275000,7,1644,2,569,1518,1989,2,2,12800,"SawyerW"
109008,4,907,1,352,907,1957,1,3,8593,"NAmes"
195400,7,1208,2,628,1208,2007,2,2,6762,"CollgCr"
175000,6,1412,2,576,1392,1988,2,3,11457,"Timber"
85400,6,987,1,264,483,1971,1,2,1680,"BrDale"
79900,6,1198,0,0,901,1920,1,4,5586,"OldTown"
122500,5,1365,2,440,765,1971,1,2,1920,"BrDale"
181000,6,1604,2,470,926,1997,2,3,10839,"Gilbert"
81000,4,630,0,0,630,1972,1,1,1890,"MeadowV"
212000,7,1661,2,550,799,1996,2,3,10667,"CollgCr"
116000,6,1118,2,440,648,1920,1,2,4400,"OldTown"
119000,6,904,1,180,884,1926,1,2,6000,"BrkSide"
90350,5,694,1,352,440,1913,1,2,4280,"Crawfor"
110000,6,1196,2,528,684,1920,1,3,12354,"Edwards"
555000,10,2402,3,672,3094,2008,2,2,15431,"NridgHt"
118000,4,1440,0,0,1440,1955,2,4,12108,"Edwards"
162900,5,1573,2,360,1078,1930,2,3,6240,"BrkSide"
172500,7,1258,3,648,1258,2006,2,2,3922,"Blmngtn"
210000,7,1908,2,493,915,1994,2,4,8750,"CollgCr"
127500,6,1689,2,480,1436,1956,1,3,9855,"Edwards"
190000,6,1888,2,578,1517,1966,2,2,16492,"NAmes"
199900,7,1886,2,431,930,1998,2,4,11214,"Gilbert"
119500,6,1376,1,198,780,1937,2,3,8600,"IDOTRR"
120000,3,1183,1,308,649,1948,1,2,6000,"OldTown"
110000,6,813,1,270,813,1930,1,2,5684,"OldTown"
280000,7,1533,2,576,1533,1975,2,2,70761,"ClearCr"
204000,6,1756,2,422,872,1996,2,3,9303,"Timber"
210000,8,1590,2,676,768,2008,2,3,9000,"Somerst"
188000,5,1728,2,560,1728,1976,2,4,9297,"Mitchel"
175500,7,1242,2,528,1242,1973,1,3,9600,"NWAmes"
98000,5,1344,3,513,624,1916,1,4,4571,"OldTown"
256000,4,1663,2,529,1364,1954,1,2,53227,"ClearCr"
161000,8,1666,1,228,588,1925,1,3,5100,"OldTown"
110000,5,1203,1,352,709,1950,1,3,7015,"BrkSide"
263435,8,1935,2,552,832,2009,2,3,8004,"Somerst"
155000,7,1135,2,576,560,1936,1,3,7200,"SWISU"
62383,5,864,1,360,864,1965,1,3,8281,"Sawyer"
188700,6,1660,1,240,715,1934,1,3,11988,"Crawfor"
124000,5,1040,0,0,1040,1978,2,3,8430,"CollgCr"
178740,7,1414,2,398,1375,2004,2,2,3072,"Blmngtn"
167000,7,1277,2,526,1277,1970,1,2,10628,"NAmes"
146500,5,1644,1,312,728,1942,1,3,9480,"NAmes"
250000,8,1634,3,866,1626,2006,2,3,11428,"NridgHt"
187000,6,1710,2,506,832,1993,2,3,9291,"SawyerW"
212000,8,1502,2,528,1488,1985,1,1,6820,"StoneBr"
190000,7,1969,2,534,808,1977,2,3,11952,"NWAmes"
148000,6,1072,2,525,547,2005,1,2,3675,"Edwards"
440000,8,1976,3,908,1976,2006,2,2,14977,"NridgHt"
251000,8,1652,2,499,1494,2000,2,2,5330,"StoneBr"
132500,5,970,2,624,970,1963,1,2,8480,"Sawyer"
208900,6,1493,2,508,1478,1997,2,3,13125,"CollgCr"
380000,9,2643,3,694,2153,2006,2,3,13693,"NridgHt"
297000,8,1718,3,826,1705,2007,2,3,10637,"CollgCr"
89471,4,1131,2,672,907,1937,1,2,5925,"OldTown"
326000,9,1850,3,772,1833,2004,2,3,16033,"NridgHt"
374000,9,1792,3,874,1792,2003,2,2,11846,"NridgHt"
155000,7,1826,1,164,910,1915,1,4,2500,"OldTown"
164000,6,1216,2,402,1216,1998,2,2,4500,"Mitchel"
132500,5,999,1,264,999,1962,1,3,7758,"Sawyer"
147000,5,1113,1,264,1113,1950,1,3,9600,"NAmes"
156000,5,1073,2,515,1073,1965,1,3,10289,"NAmes"
175000,5,1484,2,487,1484,1971,2,3,12243,"NWAmes"
160000,5,2414,2,520,954,1900,2,3,10800,"OldTown"
86000,4,630,1,286,630,1970,1,1,1526,"MeadowV"
115000,5,1304,1,336,264,1976,1,3,2665,"MeadowV"
133000,6,1578,1,240,806,1941,1,3,9490,"NAmes"
172785,6,1456,2,429,728,2006,2,3,15578,"Gilbert"
155000,5,1269,1,308,1269,1960,1,3,7931,"NAmes"
91300,5,886,1,273,190,1938,1,2,5784,"OldTown"
34900,4,720,0,0,720,1920,1,2,7879,"IDOTRR"
430000,8,3228,2,546,3200,1992,3,4,12692,"NoRidge"
184000,7,1820,1,240,1026,1925,2,4,9120,"BrkSide"
130000,5,899,1,288,864,1967,1,3,7800,"Sawyer"
120000,5,912,1,297,912,1958,1,2,7535,"NAmes"
113000,6,1218,1,264,672,1973,1,3,1890,"BrDale"
226700,7,1768,2,603,866,2005,2,3,9803,"Somerst"
140000,5,1214,2,461,1214,1965,1,2,9170,"Edwards"
289000,7,1801,2,484,1501,1959,2,1,15602,"Crawfor"
147000,6,1322,2,440,855,1974,2,3,2308,"NPkVill"
124500,5,1960,2,400,960,1952,2,4,7596,"OldTown"
215000,8,1911,2,471,777,1993,2,3,9554,"SawyerW"
208300,6,1218,2,676,1218,2009,2,2,7862,"Somerst"
161000,7,1378,2,360,689,1928,2,3,9600,"OldTown"
124500,5,1041,1,270,1041,1959,1,3,9600,"NAmes"
164900,5,1363,1,288,1008,1951,1,2,14559,"NAmes"
202665,7,1368,2,474,1368,2005,2,2,6792,"NridgHt"
129900,5,864,2,624,864,1958,1,3,9100,"NAmes"
134000,6,1080,2,484,1084,1983,1,3,9187,"Mitchel"
96500,5,789,1,200,768,1926,1,2,10594,"Crawfor"
402861,10,2020,3,900,2006,2009,2,3,12220,"NridgHt"
158000,6,2119,2,583,689,1972,2,3,10448,"NWAmes"
265000,7,2344,3,889,1264,1996,2,3,10208,"NoRidge"
211000,6,1796,2,546,794,1998,2,3,9531,"CollgCr"
234000,7,2080,1,282,1276,1926,1,3,10918,"Crawfor"
106250,4,1294,0,0,0,1900,2,3,10800,"OldTown"
150000,6,1244,1,336,1244,1957,1,3,11988,"NAmes"
159000,6,1664,2,420,1004,1947,2,3,5000,"BrkSide"
184750,10,4676,3,884,3138,2007,3,3,40094,"Edwards"
315750,7,2398,3,834,1379,1996,2,3,11787,"NoRidge"
176000,7,1266,2,453,1257,2005,2,3,7500,"Somerst"
132000,5,928,1,252,928,1956,1,2,13300,"NAmes"
446261,9,2713,3,858,1452,2008,2,3,14948,"NridgHt"
86000,4,605,0,0,528,1920,1,2,9098,"Edwards"
200624,6,2515,2,484,2035,1957,3,4,32668,"Crawfor"
175000,6,1509,2,600,1461,1988,2,3,10200,"Timber"
128000,6,1362,2,502,611,1920,2,3,6155,"BrkSide"
107500,5,827,1,392,0,1955,1,2,7200,"NAmes"
39300,1,334,0,0,0,1946,1,1,5000,"BrkSide"
178000,8,1414,2,403,707,2004,2,3,9056,"Gilbert"
107500,5,1347,0,0,1117,1910,1,3,7000,"Edwards"
188000,7,1724,2,527,880,1998,2,3,8924,"CollgCr"
111250,4,864,2,576,864,1972,1,3,12735,"NAmes"
158000,5,1159,1,336,1051,1968,1,3,11553,"Sawyer"
272000,8,1601,2,670,1581,2001,2,3,11423,"CollgCr"
315000,9,1838,3,765,1838,2006,2,2,14601,"Timber"
248000,8,2285,3,648,969,2000,2,4,11000,"NoRidge"
213250,7,1680,2,583,1650,1998,2,3,10140,"NWAmes"
133000,7,767,1,367,723,1998,1,1,4058,"NAmes"
179665,7,1496,2,426,654,2006,2,3,17104,"Gilbert"
229000,7,2183,3,786,1204,1988,2,4,13837,"NWAmes"
210000,6,1635,2,440,1065,1923,1,3,8737,"BrkSide"
129500,5,768,2,624,768,1970,1,2,7244,"Mitchel"
125000,5,825,2,720,825,1955,1,2,8235,"OldTown"
263000,7,2094,2,615,912,2003,2,4,9375,"Somerst"
140000,6,1069,2,440,1069,1977,2,2,4043,"NPkVill"
112500,5,928,1,288,928,1957,1,3,6000,"OldTown"
255500,8,1717,3,908,1709,2006,2,3,11146,"NridgHt"
108000,4,1126,2,520,0,1949,2,2,8777,"Edwards"
284000,7,2046,3,871,998,2003,2,3,10625,"NridgHt"
113000,5,1048,1,280,993,1922,1,2,6380,"BrkSide"
141000,5,1092,1,299,1092,1957,1,2,14850,"NAmes"
108000,4,1336,1,570,637,1920,1,3,11040,"IDOTRR"
175000,7,1446,2,406,729,1996,2,3,21872,"Gilbert"
234000,7,1557,2,420,1374,2003,2,2,3196,"Blmngtn"
121500,5,1392,2,528,1392,1957,1,3,11341,"Sawyer"
170000,5,1389,2,418,1389,1974,1,2,10010,"Mitchel"
108000,5,996,0,0,996,1940,1,3,13907,"Edwards"
185000,6,1674,2,396,1163,1918,2,4,21780,"Edwards"
268000,7,2295,2,590,1095,1992,2,4,13346,"NoRidge"
128000,6,1647,1,216,806,1915,1,4,6858,"SWISU"
325000,9,2504,3,656,1122,2005,2,4,11198,"StoneBr"
214000,7,1535,2,532,1517,2004,2,3,10171,"NridgHt"
316600,8,2132,2,612,1496,1983,1,1,12327,"SawyerW"
135960,5,943,2,600,943,1979,1,2,7032,"NAmes"
142600,5,1728,2,576,1728,1965,2,6,13101,"NAmes"
120000,6,864,1,288,864,1959,1,2,7332,"NAmes"
224500,7,1692,2,650,846,2009,2,3,13159,"Timber"
170000,7,1430,2,400,384,2000,2,3,9967,"Gilbert"
139000,5,1109,1,288,372,1971,1,3,10500,"NAmes"
118500,5,1216,1,336,832,1947,1,2,8480,"NAmes"
145000,7,1477,1,216,861,1928,2,3,6292,"SWISU"
164500,5,1320,2,564,1164,1966,1,3,11777,"Sawyer"
146000,7,1392,2,540,689,2007,2,2,3604,"Somerst"
131500,5,1795,1,352,1050,1954,2,4,12150,"OldTown"
181900,6,1429,2,572,1144,1960,1,3,14585,"NAmes"
253293,8,2042,3,1390,2042,2008,2,3,12704,"NridgHt"
118500,6,816,0,0,816,1990,1,3,11841,"Edwards"
325000,10,2775,2,880,1237,1893,3,3,13500,"OldTown"
133000,4,1573,1,240,884,1935,1,3,6120,"BrkSide"
369900,8,2028,3,880,1868,2005,2,2,11443,"Timber"
130000,6,838,1,275,816,1918,1,2,10267,"BrkSide"
137000,5,860,2,528,840,1982,1,2,8740,"Sawyer"
143000,5,1473,1,452,1437,1968,1,1,25095,"ClearCr"
79500,5,935,1,308,742,1930,1,2,9100,"BrkSide"
185900,7,1582,2,520,770,2004,2,3,8320,"CollgCr"
451950,10,2296,3,842,1722,2008,2,3,13478,"NridgHt"
138000,5,816,2,816,816,1982,1,2,6600,"Mitchel"
140000,6,848,2,420,848,2003,1,1,4435,"CollgCr"
110000,5,924,1,280,924,1975,1,3,7990,"CollgCr"
319000,8,1826,3,758,1814,2005,2,3,11302,"StoneBr"
114504,6,1368,1,216,684,1910,1,3,3600,"OldTown"
194201,7,1402,3,648,1258,2006,0,2,3922,"Blmngtn"
217500,5,1647,2,621,1430,1977,2,3,12984,"Crawfor"
151000,6,1556,2,452,716,1980,2,3,1950,"Blueste"
275000,8,1904,2,736,1058,2005,2,3,10927,"NridgHt"
141000,6,1375,1,544,780,1937,1,3,9000,"IDOTRR"
220000,8,1915,2,506,908,1992,2,3,10041,"SawyerW"
151000,7,1200,2,480,600,2004,2,2,3182,"Somerst"
221000,7,1494,2,530,1494,2002,2,3,12803,"CollgCr"
205000,7,1986,2,486,768,1965,2,3,13600,"NAmes"
152000,5,1040,2,576,1040,1996,1,3,12464,"CollgCr"
225000,5,2008,1,230,896,1948,3,3,7800,"Edwards"
359100,8,3194,2,380,965,1934,2,4,12168,"Crawfor"
118500,4,1029,1,261,1029,1961,1,3,7943,"Sawyer"
313000,9,2153,3,736,1440,2000,2,3,11050,"CollgCr"
148000,6,1032,2,564,1032,1978,2,3,10395,"NWAmes"
261500,8,1872,2,531,1299,2001,2,3,11885,"CollgCr"
147000,5,1120,0,0,1120,2007,1,3,8402,"Mitchel"
75500,4,630,0,0,630,1972,1,1,1491,"MeadowV"
137500,6,1054,2,480,936,1963,1,3,8800,"NAmes"
183200,6,1509,2,393,783,2002,2,3,7861,"Gilbert"
105500,6,832,2,528,832,1954,1,2,7227,"NAmes"
314813,9,1828,3,774,1822,2007,2,3,11694,"NridgHt"
305000,8,2262,3,749,1482,2003,2,4,12244,"Timber"
67000,3,864,0,0,864,1914,1,2,8248,"Edwards"
240000,6,2614,2,624,1522,1974,2,4,10800,"NWAmes"
135000,5,980,2,484,980,1977,1,3,7064,"Sawyer"
168500,6,1512,2,440,756,2000,2,2,2117,"Somerst"
165150,6,1790,2,484,732,1972,1,4,10400,"NWAmes"
160000,6,1116,2,440,1116,1962,1,3,10000,"NAmes"
139900,5,1422,1,286,978,1960,1,3,12342,"NAmes"
153000,6,1520,1,364,1156,1955,1,3,9600,"NAmes"
135000,5,2080,2,504,1040,1969,1,5,11606,"NAmes"
168500,6,1350,2,520,1248,1964,1,3,9020,"NAmes"
124000,5,1750,1,240,636,1880,1,3,9000,"OldTown"
209500,8,1554,2,627,1554,2006,2,2,4590,"NridgHt"
82500,7,1411,2,544,1386,1977,2,3,11900,"NWAmes"
139400,5,1056,1,260,1056,1954,1,3,9250,"NAmes"
144000,6,1056,2,576,1056,1980,0,0,6979,"OldTown"
200000,6,3395,0,0,1440,1914,2,8,10896,"SWISU"
60000,2,800,0,0,264,1936,1,1,6120,"BrkSide"
93000,5,1387,1,256,811,1954,2,3,6000,"OldTown"
85000,5,796,0,0,796,1910,1,2,8777,"Edwards"
264561,8,1567,3,648,1520,2006,2,1,3982,"Blmngtn"
274000,8,1518,2,588,1518,2003,1,1,12677,"NridgHt"
226000,7,1929,2,650,1057,2001,2,3,7050,"Somerst"
345000,8,2704,2,538,1952,1972,2,4,13860,"NAmes"
152000,5,1620,2,462,780,1969,2,4,10793,"NWAmes"
370878,9,1766,3,478,1766,2009,2,2,9187,"Somerst"
143250,6,981,2,576,981,1971,1,3,10530,"NAmes"
98300,5,1048,2,420,0,1950,1,3,7200,"NAmes"
155000,6,1094,2,495,1094,1953,1,3,10452,"Edwards"
155000,6,1839,2,442,756,1966,1,4,7700,"NAmes"
84500,4,630,0,0,630,1970,1,1,1936,"MeadowV"
205950,7,1665,2,562,813,2007,2,3,8125,"Somerst"
108000,4,1510,1,296,755,1940,1,4,9084,"Edwards"
191000,7,1716,2,512,880,1996,2,2,8750,"CollgCr"
135000,6,1469,1,216,756,1906,1,3,10320,"IDOTRR"
350000,8,2113,3,839,2109,1995,2,2,10437,"NoRidge"
88000,6,1092,1,264,525,1971,1,3,1680,"BrDale"
145500,5,1053,1,312,1053,1959,1,3,10007,"NAmes"
149000,7,1502,1,270,776,1931,1,3,7200,"Crawfor"
97500,6,1458,1,330,912,1948,1,3,17503,"NAmes"
167000,5,1486,2,480,1486,1964,1,3,9937,"Edwards"
197900,7,1935,2,550,793,1976,2,3,12384,"NWAmes"
402000,8,2448,3,711,1629,1994,2,4,46589,"NoRidge"
110000,6,1392,2,576,1392,1968,1,2,13560,"NAmes"
137500,4,1181,2,588,1138,1972,2,3,10012,"Edwards"
423000,8,2097,3,1134,2077,2005,1,1,20896,"Somerst"
230500,8,1936,2,504,1406,2000,2,3,11194,"Gilbert"
129000,6,2380,2,596,1021,1965,2,3,18450,"NAmes"
193500,6,1679,2,575,1408,1994,2,3,8125,"SawyerW"
168000,5,1437,2,576,1188,1956,1,3,14175,"Sawyer"
137500,4,1180,1,252,700,1922,1,2,11600,"Crawfor"
173500,6,1476,2,540,738,2005,2,3,8633,"CollgCr"
103600,6,1369,1,300,672,1925,2,3,6629,"Edwards"
165000,6,1208,2,546,1208,1977,1,3,11250,"Veenker"
257500,6,1839,2,416,1477,1957,2,3,14442,"Crawfor"
140000,6,1136,1,384,1136,1965,1,3,9200,"NAmes"
148500,6,1441,2,440,855,1978,2,3,2289,"NPkVill"
87000,4,1774,3,779,1095,1900,2,4,9600,"OldTown"
109500,5,792,1,240,768,1924,1,2,9022,"OldTown"
372500,8,2046,3,834,2046,2008,2,3,11844,"StoneBr"
128500,5,988,2,572,988,1961,1,3,9945,"Sawyer"
143000,6,923,1,264,923,1980,2,2,8012,"SawyerW"
159434,5,1520,1,281,793,1932,1,3,4500,"SWISU"
173000,6,1291,2,431,1291,1996,1,2,2887,"ClearCr"
285000,9,1668,3,702,1626,2002,2,3,11248,"CollgCr"
221000,7,1839,2,486,1195,1998,2,4,16770,"NoRidge"
207500,7,2090,2,577,1190,1984,2,3,5062,"StoneBr"
227875,7,1761,2,578,874,2007,3,3,10207,"Somerst"
148800,7,1102,2,480,551,2004,2,2,5105,"Somerst"
392000,8,1419,2,567,1419,2007,2,2,8089,"StoneBr"
194700,6,1362,2,460,1362,2005,2,2,7577,"NridgHt"
141000,6,848,2,420,848,2004,1,1,4426,"CollgCr"
755000,10,4316,3,832,2444,1994,3,4,21535,"NoRidge"
335000,7,2519,2,628,1210,1989,2,4,26178,"Timber"
108480,5,1073,1,326,1073,1921,1,2,5400,"OldTown"
141500,5,1539,2,576,927,1936,1,3,6120,"BrkSide"
176000,6,1137,2,551,1112,1987,2,2,13811,"Timber"
89000,5,616,1,205,616,1921,1,2,6000,"BrkSide"
123500,5,1148,1,308,980,1952,1,2,6420,"Edwards"
138500,5,894,1,336,894,1965,1,3,8450,"Sawyer"
196000,7,1391,2,530,1391,2004,2,2,4282,"Somerst"
312500,8,1800,3,765,1800,2002,2,3,14331,"Timber"
140000,7,1164,2,528,1164,1969,1,3,9600,"NWAmes"
361919,8,2576,3,666,1234,2006,2,4,12438,"StoneBr"
140000,5,1812,2,672,360,1900,2,4,7630,"OldTown"
213000,7,1484,2,606,1473,2004,2,3,8400,"CollgCr"
55000,4,1092,0,0,0,1930,2,3,5600,"IDOTRR"
302000,7,1824,2,739,1643,1971,2,2,115149,"ClearCr"
254000,8,1324,2,550,1324,2006,2,2,6240,"NridgHt"
179540,7,1456,2,400,728,2007,2,3,9018,"Gilbert"
109900,5,904,1,408,876,1966,1,3,7162,"Sawyer"
52000,3,729,0,0,270,1935,1,2,4130,"BrkSide"
102776,4,1178,1,384,859,1900,1,2,8712,"IDOTRR"
189000,8,1228,2,472,1228,1988,2,2,4671,"StoneBr"
129000,4,960,2,576,960,1970,1,3,9873,"BrkSide"
130500,6,1479,2,475,725,1976,2,3,13517,"Sawyer"
165000,6,1350,2,478,1064,1974,2,3,10140,"NWAmes"
159500,7,2554,2,704,718,1890,1,3,10800,"OldTown"
157000,5,1178,2,439,1176,1973,1,3,10000,"NWAmes"
341000,7,2418,3,983,1311,1993,2,3,10542,"NoRidge"
128500,5,971,1,300,971,1969,1,3,9920,"CollgCr"
275000,8,1742,2,564,1742,1985,2,2,6563,"StoneBr"
143000,6,848,2,420,848,2004,1,1,4426,"CollgCr"
124500,4,864,2,463,864,1970,1,3,8120,"NAmes"
135000,4,1470,1,548,941,1954,2,4,8172,"Edwards"
320000,9,1698,3,768,1698,2007,2,3,13286,"Edwards"
120500,4,864,2,660,864,1970,1,3,6960,"NAmes"
222000,6,1680,2,540,880,1988,2,3,21695,"Crawfor"
194500,7,1232,2,632,1232,2007,2,2,7314,"CollgCr"
110000,5,1776,3,888,1584,1958,2,4,11475,"NAmes"
103000,4,1208,2,539,780,1925,1,2,6240,"IDOTRR"
236500,8,1616,2,608,1595,1995,2,2,5389,"StoneBr"
187500,7,1146,2,438,868,2003,2,3,9590,"Timber"
222500,7,2031,2,541,1153,1998,2,3,11404,"CollgCr"
131400,5,1144,1,264,864,1961,1,3,10000,"Sawyer"
108000,5,948,1,300,948,1968,1,3,8978,"Sawyer"
163000,7,1768,2,320,880,1914,1,2,10800,"OldTown"
93500,3,1040,2,400,0,1950,2,2,8544,"NAmes"
239900,8,1801,3,800,893,2005,2,3,10463,"Gilbert"
179000,5,1200,0,0,1200,1987,3,3,10800,"Edwards"
190000,7,1728,2,572,864,2004,2,3,9313,"CollgCr"
132000,5,1432,2,360,264,1910,2,2,9600,"OldTown"
142000,6,912,1,288,912,1961,1,3,6768,"Sawyer"
179000,7,1349,2,539,1349,2000,2,3,8450,"SawyerW"
175000,5,1464,2,480,520,1963,2,3,12886,"Sawyer"
180000,8,1337,2,462,1337,1993,2,2,5395,"StoneBr"
299800,8,2715,2,831,1142,1976,3,4,8963,"NWAmes"
236000,7,2256,2,554,952,2000,2,4,8795,"Gilbert"
265979,7,2640,4,864,1240,1880,1,4,11700,"OldTown"
260400,7,1720,2,527,1720,1996,2,3,10593,"NoRidge"
98000,4,1529,1,240,0,1945,2,4,8405,"Edwards"
96500,4,1140,0,0,576,1910,1,3,8800,"OldTown"
162000,7,1320,2,400,660,2003,2,3,7750,"Gilbert"
217000,6,1494,2,576,1479,1997,2,3,9236,"CollgCr"
275500,8,2098,3,878,1030,2005,2,3,10240,"NridgHt"
156000,6,1026,2,440,1026,1969,1,3,7930,"NAmes"
172500,6,1471,2,440,729,1999,2,3,3230,"Somerst"
212000,8,1768,2,578,866,2007,2,3,10769,"CollgCr"
158900,6,1386,2,440,672,1978,2,3,11616,"Sawyer"
179400,7,1501,2,440,744,1999,2,3,2280,"Somerst"
290000,8,2531,3,752,1318,1995,2,4,12257,"NoRidge"
127500,6,864,1,300,864,1959,1,2,9100,"NAmes"
100000,5,1301,2,440,1145,1924,1,2,6911,"BrkSide"
215200,7,1547,2,614,756,2009,2,3,8640,"Somerst"
337000,8,2365,3,856,1252,1999,2,3,9430,"NoRidge"
270000,8,1494,2,481,1494,1995,1,2,9549,"Veenker"
264132,9,1506,2,592,1498,2008,2,2,14587,"Somerst"
196500,7,1714,2,496,980,1988,2,3,10421,"NWAmes"
160000,6,1750,1,423,983,1940,2,4,12508,"Mitchel"
216837,7,1836,2,484,1860,2004,2,3,9100,"CollgCr"
538000,8,3279,3,841,1650,2003,3,4,53504,"StoneBr"
134900,5,858,2,576,858,1982,1,2,7252,"Sawyer"
102000,4,1220,2,396,836,1951,1,2,8877,"Edwards"
107000,6,1117,2,672,1029,1976,1,3,7819,"Edwards"
114500,5,912,1,275,912,1958,1,2,10150,"NAmes"
395000,8,1973,3,895,1935,2006,2,3,14226,"NridgHt"
162000,6,1204,2,412,1204,1998,2,2,4500,"Mitchel"
221500,7,1614,3,865,1614,2005,2,3,11210,"CollgCr"
142500,5,894,2,440,864,1974,1,3,13350,"Sawyer"
144000,5,2020,2,630,0,1977,2,4,8400,"SawyerW"
135000,6,1004,2,504,975,1977,1,2,10530,"Mitchel"
176000,7,1253,2,402,1237,1995,2,3,7875,"Gilbert"
175900,6,1603,2,484,761,1992,2,3,7153,"SawyerW"
187100,7,1430,2,605,1413,2001,2,3,16285,"CollgCr"
165500,5,1110,2,602,1097,1978,1,1,9101,"Mitchel"
128000,6,1484,0,0,742,1914,2,3,6300,"OldTown"
161500,6,1342,2,457,1372,1967,2,3,9790,"NWAmes"
139000,5,1652,1,416,686,1915,2,4,10800,"OldTown"
233000,7,2084,2,618,956,2004,2,4,10142,"SawyerW"
107900,4,901,1,281,901,1954,1,2,6000,"OldTown"
187500,6,2087,2,444,832,1966,2,5,12205,"ClearCr"
160200,7,1145,2,397,1145,2005,2,2,3182,"Blmngtn"
146800,6,1062,2,539,1029,1976,1,3,11333,"Mitchel"
269790,7,2013,2,455,1117,1996,2,3,9920,"NoRidge"
225000,8,1496,2,474,1496,2007,2,3,9158,"Somerst"
194500,7,1895,2,409,712,1994,2,3,10832,"Gilbert"
171000,6,1564,2,476,650,1980,2,3,8400,"SawyerW"
143500,6,1285,2,528,660,1977,1,3,8197,"Sawyer"
110000,5,773,1,240,773,1953,1,2,7677,"NAmes"
485000,9,3140,3,820,1926,2008,3,4,13518,"NridgHt"
175000,5,1768,1,240,731,1937,1,3,7200,"SWISU"
200000,6,1688,2,603,616,1997,2,4,12798,"ClearCr"
109900,4,1196,2,440,1196,1916,1,2,4800,"IDOTRR"
189000,7,1456,2,410,728,2005,2,3,8199,"CollgCr"
582933,9,2822,3,1020,1734,2008,3,4,13891,"NridgHt"
118000,5,1128,1,286,936,1954,1,2,9000,"NAmes"
227680,7,1428,2,554,1417,2008,2,3,12274,"Somerst"
135500,5,980,1,384,980,1967,2,3,9750,"NAmes"
223500,5,1576,2,528,1324,1923,1,3,21384,"BrkSide"
159950,5,1086,2,484,1024,1966,1,3,13400,"NAmes"
106000,5,2138,2,360,849,1898,2,2,8100,"OldTown"
181000,6,1309,2,484,1040,1974,1,3,10140,"NWAmes"
144500,6,848,2,420,848,2004,1,1,4438,"CollgCr"
55993,5,1044,2,504,540,1952,1,2,8712,"IDOTRR"
157900,6,1442,1,301,1442,1958,1,4,9750,"NAmes"
116000,5,1250,1,280,686,1918,1,3,8248,"Edwards"
224900,7,1661,2,598,1649,1998,2,3,12137,"CollgCr"
137000,5,1008,1,275,1008,1954,1,2,11425,"NAmes"
271000,8,1689,3,857,1568,2002,2,3,13265,"Mitchel"
155000,6,1052,2,440,1010,1971,1,3,8816,"ClearCr"
224000,7,1358,2,484,1358,2009,2,2,6371,"NridgHt"
183000,7,1640,2,595,798,2003,2,3,7226,"CollgCr"
93000,4,936,2,576,936,1953,1,2,6000,"OldTown"
225000,7,1733,2,433,847,2003,2,3,12394,"Gilbert"
139500,6,1489,1,240,778,1940,2,3,9900,"SWISU"
232600,8,1489,2,776,1489,2006,2,3,11216,"Somerst"
385000,10,2084,3,1220,2078,2007,2,2,14803,"NridgHt"
109500,5,784,0,0,784,1924,1,2,6130,"BrkSide"
189000,7,1434,2,527,1454,2001,2,3,8529,"SawyerW"
185000,5,2126,2,538,1013,1967,2,3,28698,"ClearCr"
147400,7,1223,2,480,600,2005,2,2,2544,"Somerst"
166000,6,1392,2,458,1392,1957,1,3,11900,"NAmes"
151000,7,1200,2,480,600,2005,2,2,3180,"Somerst"
237000,7,1829,2,613,941,2003,2,3,9548,"CollgCr"
167000,6,1516,2,472,1516,1964,1,3,10004,"NAmes"
139950,5,1144,2,456,1144,1961,1,3,7875,"NAmes"
128000,4,1067,2,436,1067,1950,2,2,9600,"Sawyer"
153500,5,1559,2,812,1559,1948,1,2,8100,"OldTown"
100000,6,987,1,264,483,1973,1,2,1680,"BrDale"
144000,5,1099,1,352,1099,1995,1,3,9525,"CollgCr"
130500,5,1200,1,240,768,1946,1,3,11767,"Edwards"
140000,6,1482,1,400,672,1925,2,4,12155,"SWISU"
157500,5,1539,2,686,650,1904,2,3,10440,"OldTown"
174900,6,1165,2,490,1127,1966,1,3,9020,"NAmes"
141000,5,1800,0,0,1800,1961,2,6,8000,"NAmes"
153900,5,1416,3,720,876,1915,1,4,12665,"OldTown"
171000,5,1701,2,611,1390,1975,2,3,16647,"Sawyer"
213000,7,1775,2,425,740,1993,2,3,9317,"SawyerW"
133500,5,864,1,338,864,1972,1,3,15523,"CollgCr"
240000,6,2358,2,360,907,1908,3,5,45600,"ClearCr"
187000,6,1855,2,512,528,1976,2,3,9600,"Veenker"
131500,6,848,2,420,848,2003,1,1,4435,"CollgCr"
215000,8,1456,2,400,1273,2003,2,2,3196,"Blmngtn"
164000,7,1646,1,240,918,1941,2,4,7128,"Crawfor"
158000,6,1445,2,645,1127,1964,1,3,12095,"NAmes"
170000,5,1779,2,454,1763,1955,1,3,17920,"Sawyer"
127000,5,1040,1,260,1040,1962,1,3,6897,"Sawyer"
147000,6,1026,2,576,940,1978,1,3,10970,"CollgCr"
174000,6,1481,2,343,702,1994,2,3,8125,"Gilbert"
152000,7,1370,2,479,1090,1976,2,3,10400,"NWAmes"
250000,6,2654,2,619,1054,1968,2,4,11029,"NWAmes"
189950,7,1426,1,216,912,1918,1,3,7642,"Crawfor"
131500,5,1039,2,504,1039,1965,1,3,11625,"Sawyer"
152000,6,1097,2,480,1040,1984,2,3,9672,"SawyerW"
132500,5,1148,1,672,1148,1959,1,3,7931,"NAmes"
250580,7,1372,2,529,1372,2007,2,3,8640,"Somerst"
148500,5,1002,2,902,1002,1970,1,3,8750,"NAmes"
248900,8,1646,3,870,1638,2006,2,3,10656,"Timber"
129000,4,1120,2,544,1040,1961,1,3,6970,"Sawyer"
169000,5,2320,2,672,0,1948,2,2,14762,"Gilbert"
236000,7,1949,2,574,1050,1993,2,3,9938,"SawyerW"
109500,5,894,1,308,894,1962,1,2,6600,"NAmes"
200500,6,1682,2,523,804,1998,2,3,8750,"CollgCr"
116000,5,910,2,414,105,1953,1,3,8892,"NAmes"
133000,5,1268,1,288,832,1949,1,3,12144,"NAmes"
66500,5,1131,1,200,676,1941,1,3,5720,"OldTown"
303477,8,2610,2,550,1184,2007,2,4,9000,"Somerst"
132250,4,1040,2,648,1064,1963,1,3,25286,"Mitchel"
350000,9,2224,3,738,1462,2004,2,4,8834,"NridgHt"
148000,5,1155,2,576,1109,1961,1,3,11782,"Sawyer"
136500,5,864,1,336,864,1978,1,3,7000,"CollgCr"
157000,5,1090,2,450,1090,2005,1,2,7024,"Edwards"
187500,7,1717,2,400,1156,1990,2,3,13758,"Timber"
178000,6,1593,2,389,808,1992,2,3,9636,"Gilbert"
118500,4,2230,1,440,795,1912,1,5,6204,"SWISU"
100000,5,892,1,288,892,1967,1,3,7150,"NAmes"
328900,9,1709,2,506,1698,1999,2,2,5119,"Somerst"
145000,5,1712,2,588,1626,1959,2,4,8393,"NAmes"
135500,5,1393,1,300,816,1955,1,3,16466,"Edwards"
268000,8,2217,2,621,2217,1970,2,4,15865,"NAmes"
149500,6,1505,2,505,1505,1953,1,2,12160,"NAmes"
122900,5,924,2,576,672,1949,1,3,8064,"NAmes"
172500,6,1683,2,440,918,1978,2,3,11184,"Sawyer"
154500,6,1068,1,264,1059,1963,1,3,8414,"Sawyer"
165000,5,1383,1,354,1383,1954,1,3,13284,"Sawyer"
118858,5,1535,2,400,0,1979,2,4,7018,"SawyerW"
140000,6,1796,2,483,780,1963,1,4,7056,"NAmes"
106500,4,951,1,327,951,1936,1,2,8765,"IDOTRR"
142953,5,2240,2,528,0,1979,2,6,7018,"SawyerW"
611657,9,2364,3,820,2330,2009,2,2,12919,"NridgHt"
135000,5,1236,1,288,912,1961,1,3,6993,"Sawyer"
110000,4,858,1,684,858,1971,1,2,7340,"NAmes"
153000,5,1306,1,756,992,1957,1,2,8712,"NAmes"
180000,7,1509,2,393,783,2003,2,3,7875,"Gilbert"
240000,7,1670,3,690,1670,2006,2,3,14859,"Gilbert"
125500,5,902,1,288,876,1967,1,3,6173,"Sawyer"
128000,5,1063,1,280,1056,1954,1,3,9920,"NAmes"
255000,8,1636,3,865,1623,2006,2,3,13501,"Somerst"
250000,7,2057,1,180,1017,1936,1,3,11500,"Crawfor"
131000,5,902,2,484,864,1983,1,2,8885,"Mitchel"
174000,6,1484,2,390,742,2005,2,3,12589,"Gilbert"
154300,5,2274,2,480,1105,1960,2,5,11600,"NAmes"
143500,5,1268,1,252,1268,1977,1,3,9286,"CollgCr"
88000,5,1015,1,450,768,1925,1,3,6120,"BrkSide"
145000,5,2002,3,871,1001,1949,2,4,6270,"Crawfor"
173733,6,1224,2,528,612,2009,2,2,3000,"Somerst"
75000,4,1092,1,286,546,1970,1,3,2001,"MeadowV"
35311,2,480,1,308,480,1949,0,1,9000,"IDOTRR"
135000,4,1229,1,284,1134,1956,1,3,17140,"Edwards"
238000,7,2127,3,833,1104,1991,2,4,13125,"SawyerW"
176500,6,1414,2,601,1184,1958,1,3,11029,"NAmes"
201000,6,1721,2,471,928,1994,2,3,8462,"SawyerW"
145900,5,2200,0,0,1272,1900,2,4,8777,"Edwards"
169990,6,1316,2,397,1316,2005,2,3,10237,"Gilbert"
193000,6,1617,2,533,1604,1993,2,2,8012,"SawyerW"
207500,6,1686,2,612,1686,1980,2,3,10240,"NWAmes"
175000,5,1126,2,540,1126,1977,2,3,15611,"NWAmes"
285000,8,2374,3,656,1181,2003,2,4,11999,"NridgHt"
176000,7,1978,2,486,832,1968,2,4,9900,"NWAmes"
236500,8,1788,2,522,1753,2001,2,3,11838,"CollgCr"
222000,7,2236,2,642,964,1997,2,4,13006,"Gilbert"
201000,8,1466,3,610,1466,2007,2,3,8925,"Timber"
117500,5,925,1,429,925,1965,1,2,9100,"NAmes"
320000,9,1905,3,788,1905,2006,2,3,11670,"Somerst"
190000,7,1500,2,570,1500,2004,2,3,8487,"CollgCr"
242000,7,2069,2,505,585,1960,2,4,27650,"NAmes"
79900,4,747,2,528,600,1926,1,1,5825,"BrkSide"
184900,7,1200,2,555,1176,2003,2,2,10083,"SawyerW"
253000,7,1971,2,689,1113,2005,2,3,9675,"Somerst"
239799,7,1962,3,868,1391,2006,2,3,8760,"CollgCr"
244400,7,2403,1,349,1032,1940,2,4,24090,"ClearCr"
150900,6,1728,2,574,1728,1976,2,4,12640,"Mitchel"
214000,7,2060,2,390,992,1999,2,3,8755,"Gilbert"
150000,4,1440,0,0,1440,1977,2,4,7711,"Edwards"
143000,5,1632,2,576,1632,1967,2,4,25000,"Mitchel"
137500,6,1344,2,525,819,1958,1,3,14375,"Timber"
124900,5,1869,2,456,1088,1890,1,2,8820,"OldTown"
143000,5,1144,1,796,1144,1959,1,3,8163,"NAmes"
270000,8,1629,3,808,1616,2002,2,3,14536,"Timber"
192500,7,1776,2,474,936,2002,2,3,14006,"CollgCr"
197500,6,1381,2,676,1161,1972,1,3,9360,"NWAmes"
129000,5,864,2,720,864,1950,1,3,7200,"NAmes"
119900,5,965,1,300,828,1965,1,3,7800,"SawyerW"
133900,5,768,1,396,768,1972,1,2,7200,"CollgCr"
172000,5,1968,2,530,784,1969,2,4,11075,"Mitchel"
127500,6,980,0,0,945,1975,2,4,9400,"Edwards"
145000,6,1958,2,492,979,1946,2,4,7136,"Crawfor"
124000,6,1229,2,462,561,1980,1,2,1300,"Blueste"
132000,5,1057,2,576,1057,1962,1,3,7420,"Sawyer"
185000,7,1337,2,531,1337,2003,2,3,8450,"CollgCr"
155000,7,1416,2,484,696,1999,2,3,2572,"Somerst"
116500,5,858,0,0,858,1958,1,2,7207,"BrkSide"
272000,6,2872,2,619,1330,1977,2,4,12227,"NWAmes"
155000,6,1548,2,440,804,1976,2,3,2308,"NPkVill"
239000,9,1800,2,702,1800,2007,2,2,11923,"CollgCr"
214900,7,1894,2,510,817,2002,2,4,11316,"Timber"
178900,6,1484,2,393,783,2005,2,3,10237,"Gilbert"
160000,5,1308,1,256,728,1940,1,2,9600,"Crawfor"
135000,5,1098,1,260,1098,1955,1,3,7390,"NAmes"
37900,3,968,0,0,600,1910,1,2,5925,"OldTown"
140000,6,1095,1,264,588,1958,1,2,10382,"NAmes"
135000,4,1192,0,0,720,1949,1,4,10800,"NAmes"
173000,7,1626,2,474,764,2003,2,2,2268,"NridgHt"
99500,6,918,1,264,918,1979,2,2,7892,"SawyerW"
182000,7,1428,2,480,1428,2007,2,3,11639,"Somerst"
167500,7,2019,2,532,728,1910,1,3,11414,"BrkSide"
165000,7,1382,2,490,673,2000,2,3,2651,"Somerst"
85500,4,869,0,0,440,1923,1,2,5900,"BrkSide"
199900,7,1241,2,569,1241,2006,1,1,4274,"Somerst"
110000,4,894,2,400,894,1954,1,3,9450,"Edwards"
139000,5,1121,2,480,1121,1963,1,3,8816,"Sawyer"
178400,7,999,2,588,944,1961,1,3,12122,"NAmes"
336000,8,2612,3,676,1225,1998,2,4,12203,"NoRidge"
159895,7,1266,2,388,1266,2007,2,2,3182,"Blmngtn"
255900,8,2290,2,779,1128,2002,2,4,11250,"CollgCr"
126000,5,1734,2,539,0,1977,2,4,10125,"Mitchel"
125000,5,1164,1,240,1164,1950,1,3,10880,"Edwards"
117000,6,1635,1,255,485,1910,1,2,5310,"OldTown"
395192,9,1940,3,606,1930,2009,2,3,10159,"NridgHt"
195000,6,2030,2,551,848,1976,2,4,12046,"NWAmes"
197000,7,1576,2,614,770,2006,2,3,8125,"Somerst"
348000,8,2392,3,870,1396,1997,2,3,9452,"NoRidge"
168000,8,1742,2,424,916,1882,1,4,17671,"OldTown"
187000,6,1851,2,440,822,1964,2,3,9760,"NAmes"
173900,6,1500,2,564,750,2005,2,3,8846,"CollgCr"
337500,10,1718,3,786,1700,2006,2,3,12456,"NridgHt"
121600,4,1230,1,305,747,1946,1,3,4712,"BrkSide"
136500,5,1050,1,368,1050,1961,1,3,10659,"NAmes"
185000,6,1442,2,615,1442,1970,2,2,11717,"NWAmes"
91000,3,1077,1,210,1007,1922,1,3,9786,"IDOTRR"
206000,7,1208,2,632,1187,2006,2,2,6762,"CollgCr"
82000,3,944,2,528,0,1952,1,2,10206,"Edwards"
86000,5,691,1,216,691,1920,1,2,5400,"OldTown"
232000,8,1574,3,824,1574,2006,2,3,11957,"Somerst"
136905,5,1680,2,528,1680,1976,2,4,11500,"NWAmes"
181000,7,1504,2,457,1346,2005,2,1,3182,"Blmngtn"
149900,5,985,1,328,985,1977,2,3,8385,"CollgCr"
163500,6,1657,2,484,1657,1970,2,3,12155,"NAmes"
88000,4,1092,1,286,546,1970,1,3,2217,"MeadowV"
240000,7,1710,2,550,1710,2004,2,3,12118,"Mitchel"
102000,5,1522,0,0,1008,1926,2,4,6000,"SWISU"
135000,5,1271,1,312,720,1948,2,4,21286,"Sawyer"
100000,5,1664,0,0,0,1965,2,4,9825,"Edwards"
165000,6,1502,1,180,602,1923,1,3,10592,"Crawfor"
85000,5,1022,1,280,1022,1910,1,2,7200,"OldTown"
119200,6,1082,1,240,1082,1948,1,2,11664,"NAmes"
227000,8,1665,2,528,810,2001,2,3,8400,"NWAmes"
203000,7,1504,2,478,1504,1996,2,3,11883,"CollgCr"
187500,8,1360,2,565,1220,1984,1,1,5814,"StoneBr"
160000,7,1472,2,402,384,1991,2,3,10784,"Gilbert"
213490,7,1506,2,440,1362,2005,2,2,3013,"Blmngtn"
176000,4,1132,2,451,1132,2005,1,2,7024,"Edwards"
194000,7,1220,2,632,1199,2006,2,2,7406,"CollgCr"
87000,5,1248,1,160,912,1930,1,2,9439,"OldTown"
191000,7,1504,2,437,1346,2005,2,2,3182,"Blmngtn"
287000,8,2898,2,665,1565,1976,2,2,15498,"Timber"
112500,5,882,2,461,882,1972,1,3,7700,"CollgCr"
167500,5,1264,2,461,1268,1960,1,3,9300,"NAmes"
293077,8,1646,3,800,1638,2007,2,3,9520,"Timber"
105000,5,1376,1,240,768,1941,1,3,9492,"NAmes"
118000,6,1218,1,264,672,1972,1,3,1680,"BrDale"
160000,5,1928,0,0,686,1916,2,5,7082,"SWISU"
197000,7,3082,2,672,824,1920,2,5,15863,"SWISU"
310000,8,2520,3,796,1338,1993,2,5,14541,"NoRidge"
230000,7,1654,3,900,1654,2002,2,3,8125,"CollgCr"
119750,5,954,1,240,920,1938,1,2,6305,"Crawfor"
84000,4,845,1,290,0,1957,1,3,11500,"Edwards"
315500,9,1620,3,912,1620,2007,2,2,12898,"Timber"
287000,8,2263,2,905,1055,2001,2,3,9240,"CollgCr"
97000,4,1344,0,0,546,1970,1,3,1533,"MeadowV"
80000,4,630,1,286,630,1970,1,1,1477,"MeadowV"
155000,5,1803,2,484,1134,1957,2,3,13125,"Sawyer"
173000,6,1632,2,484,800,1966,1,4,9130,"NWAmes"
196000,6,1306,2,624,1306,2005,2,1,5381,"NridgHt"
262280,7,2329,2,514,1475,1990,2,4,11839,"SawyerW"
278000,8,2524,2,542,2524,1981,2,4,9600,"NWAmes"
139600,3,1733,2,452,0,1955,2,4,13680,"Edwards"
556581,9,2868,3,716,1992,2005,3,4,16056,"StoneBr"
145000,5,990,2,672,990,1994,1,3,9245,"CollgCr"
115000,5,1771,2,336,0,1960,1,3,21750,"Mitchel"
84900,4,930,1,308,0,1946,1,2,11100,"Edwards"
176485,7,1302,2,436,1302,2007,2,3,8993,"Gilbert"
200141,7,1316,2,440,1316,2007,2,3,11175,"CollgCr"
165000,6,1977,2,540,816,1964,1,4,9500,"NAmes"
144500,5,1526,1,364,1216,1957,1,4,8562,"Edwards"
255000,8,1989,2,586,1065,2002,2,3,11367,"CollgCr"
180000,6,1523,2,478,1193,1976,2,3,11361,"NWAmes"
185850,7,1364,2,484,1364,2005,2,2,7052,"NridgHt"
248000,7,1850,2,467,973,1994,2,3,29959,"NoRidge"
335000,9,2184,3,836,1104,2008,2,3,11308,"NridgHt"
220000,6,1991,2,432,854,1932,1,3,11275,"Crawfor"
213500,8,1338,2,582,1338,2001,2,2,4920,"StoneBr"
81000,3,894,3,1248,894,1935,1,2,18000,"IDOTRR"
90000,5,2337,2,560,662,1900,2,5,13600,"OldTown"
110500,6,1103,2,440,1103,1925,1,2,6000,"OldTown"
154000,5,1154,2,480,1154,1966,1,3,11000,"NAmes"
328000,7,2260,2,533,1306,1996,2,3,14000,"ClearCr"
178000,6,1571,2,380,799,1993,2,3,7837,"Gilbert"
167900,6,1611,2,442,780,1964,1,4,9760,"NAmes"
151400,6,2521,2,576,942,1973,2,5,3964,"MeadowV"
135000,5,893,2,576,845,1949,1,2,9600,"NAmes"
135000,5,1048,1,286,1048,1956,1,3,10152,"NAmes"
154000,6,1556,2,441,727,1968,1,4,11700,"NWAmes"
91500,5,1456,1,280,810,1948,1,4,7585,"Edwards"
159500,6,1426,2,440,690,1977,1,3,7950,"Edwards"
194000,7,1240,3,826,1240,2006,2,2,8556,"CollgCr"
219500,7,1740,1,240,800,1940,1,3,13125,"Crawfor"
170000,5,1466,2,566,796,1936,2,3,10800,"OldTown"
138800,5,1096,1,299,1096,1969,1,3,15870,"NAmes"
155900,6,848,2,420,848,2004,1,1,4435,"CollgCr"
126000,5,990,1,299,990,1994,1,3,8775,"CollgCr"
145000,6,1258,2,528,1258,1971,2,3,11040,"NWAmes"
133000,5,1040,1,308,1040,1963,1,3,7500,"Sawyer"
192000,7,1459,2,527,1459,2002,2,3,8749,"CollgCr"
160000,6,1251,1,461,1251,1964,1,3,8800,"NAmes"
187500,6,1498,2,409,691,1995,2,3,13031,"Gilbert"
147000,6,996,2,564,936,1992,1,2,9069,"SawyerW"
83500,4,1092,1,286,546,1973,1,3,1974,"MeadowV"
252000,8,1953,3,1043,1082,2005,2,3,10574,"Somerst"
137500,7,1709,2,380,970,2004,2,3,2522,"Edwards"
197000,8,1247,2,550,1247,2005,1,1,3316,"Somerst"
92900,3,1040,2,400,0,1950,2,2,8544,"NAmes"
160000,7,1252,2,462,600,1999,2,2,2160,"Somerst"
136500,6,1694,2,576,1181,1925,2,4,8400,"SWISU"
146000,5,1200,2,884,864,1965,1,1,9230,"NAmes"
129000,5,936,1,308,936,1956,1,2,5868,"NAmes"
176432,6,1314,2,440,1314,2006,2,3,9317,"CollgCr"
127000,6,1355,0,0,684,1914,1,3,6882,"IDOTRR"
170000,8,1088,2,461,1074,1986,1,2,3696,"StoneBr"
128000,4,1324,1,240,672,1936,1,3,6000,"BrkSide"
157000,7,1601,2,478,1271,1978,2,3,11880,"NWAmes"
60000,2,438,1,246,290,1920,1,1,8400,"SWISU"
119500,5,950,1,280,950,1971,1,3,9758,"NAmes"
135000,5,1134,1,254,1010,1960,1,2,7000,"NAmes"
159500,6,1194,2,539,655,1959,1,3,8910,"NAmes"
106000,5,1302,2,440,630,1970,2,3,2016,"BrDale"
325000,8,2622,2,712,1463,1994,2,3,12256,"NoRidge"
179900,7,1442,2,719,910,1990,2,3,10357,"SawyerW"
274725,7,2021,2,422,868,2006,2,3,23257,"Gilbert"
181000,6,1690,2,463,924,2000,2,3,8063,"Gilbert"
280000,8,1836,3,862,1836,2004,2,3,11362,"NridgHt"
188000,6,1658,2,431,773,1995,2,3,8000,"Gilbert"
205000,7,1964,2,483,803,1976,2,4,10480,"NWAmes"
129900,5,816,1,308,816,1957,1,2,7100,"NAmes"
134500,5,1008,1,240,1008,1953,1,2,8923,"NAmes"
117000,5,833,1,326,833,1954,1,2,5400,"OldTown"
318000,8,1734,3,928,1734,2007,2,3,12085,"NridgHt"
184100,8,1419,2,527,408,2002,2,3,7750,"Gilbert"
130000,5,894,2,450,894,1967,1,3,9764,"Sawyer"
140000,5,1601,1,300,533,1958,1,3,13825,"Sawyer"
133700,5,1040,1,286,1040,1959,1,3,7560,"NAmes"
118400,6,1012,1,308,1012,1920,1,2,8263,"IDOTRR"
212900,7,1552,3,782,1552,2005,2,3,10084,"CollgCr"
112000,4,960,1,288,672,1956,1,3,8926,"Edwards"
118000,5,698,0,0,698,1947,1,2,9405,"Edwards"
163900,7,1482,2,392,384,1992,2,3,9125,"Gilbert"
115000,4,1005,2,672,1005,1955,1,2,10434,"NAmes"
174000,7,1555,3,660,1373,2007,2,2,3684,"Blmngtn"
259000,7,1530,3,630,1530,2004,2,3,14572,"Gilbert"
215000,7,1959,2,434,847,2004,2,4,11796,"Gilbert"
140000,5,936,2,672,936,1980,1,2,7200,"OldTown"
135000,4,1981,2,576,1122,1928,2,4,7804,"SWISU"
93500,5,974,0,0,974,1991,1,3,10712,"Mitchel"
117500,6,2210,1,205,1008,1880,2,5,9900,"OldTown"
239500,8,2020,2,466,1128,1995,2,3,9828,"SawyerW"
169000,6,1600,2,460,916,1997,2,3,8773,"Gilbert"
102000,6,986,1,180,960,1926,1,2,6180,"BrkSide"
119000,6,1252,1,288,1032,1950,1,3,9600,"NAmes"
94000,5,1020,0,0,780,1875,1,2,6342,"Sawyer"
196000,6,1567,2,714,1567,1977,2,2,9819,"Mitchel"
144000,5,1167,2,495,915,1920,1,3,8731,"BrkSide"
139000,5,952,2,840,952,1951,1,2,7350,"NAmes"
197500,5,1868,2,484,780,1976,2,4,10304,"NWAmes"
424870,8,2828,3,1052,1466,2006,3,4,9965,"CollgCr"
80000,5,1006,0,0,1006,1959,1,3,9000,"Sawyer"
80000,4,924,1,280,672,1941,1,2,12180,"Edwards"
149000,5,1576,1,225,1042,1928,1,3,6240,"BrkSide"
180000,6,1298,2,403,1298,1985,2,3,11200,"SawyerW"
174500,7,1564,1,234,704,1941,1,3,12000,"Crawfor"
116900,7,1111,1,288,572,1926,1,2,5700,"OldTown"
143000,7,1482,2,324,650,1920,1,3,9000,"OldTown"
124000,6,932,1,306,932,1950,1,2,8280,"NAmes"
149900,5,1466,2,528,1466,1959,1,3,17755,"Edwards"
230000,6,1811,2,470,1073,1956,1,2,14115,"Crawfor"
120500,6,816,1,432,816,1930,1,2,5890,"IDOTRR"
201800,7,1820,2,492,864,1965,1,4,13700,"NAmes"
218000,5,1437,2,528,1437,1976,2,3,10768,"Veenker"
179900,5,1265,2,502,1219,1965,2,3,9350,"NAmes"
230000,7,1314,2,626,1314,2007,2,2,5001,"NridgHt"
235128,8,1580,3,830,1580,2007,2,3,11932,"Somerst"
185000,6,1876,2,540,901,1974,2,4,9120,"NWAmes"
146000,6,1456,2,440,855,1978,2,3,2280,"NPkVill"
224000,6,1640,2,924,1296,1954,1,3,14778,"Crawfor"
129000,5,894,2,450,894,1968,1,3,8724,"Sawyer"
108959,4,1258,2,400,1198,1969,0,0,12900,"Sawyer"
194000,5,1432,2,588,1360,1978,1,2,16157,"Veenker"
233170,7,1502,2,644,1502,2009,2,3,9541,"NridgHt"
245350,8,1694,3,776,1694,2008,2,3,10475,"CollgCr"
173000,6,1671,2,472,959,2000,2,3,10852,"Gilbert"
235000,6,2108,2,540,1127,1935,2,4,13728,"Edwards"
625000,10,3627,3,807,1930,1995,3,4,35760,"NoRidge"
171000,6,1118,1,358,1096,1977,1,3,9880,"Mitchel"
163000,6,1261,2,433,1261,1958,1,3,9120,"NAmes"
171900,7,1250,2,625,625,2006,2,2,4017,"Somerst"
200500,5,3086,0,0,1598,1946,3,3,18030,"ClearCr"
239000,6,2345,2,360,952,1932,2,4,16560,"Crawfor"
285000,8,2872,2,541,1683,1992,2,4,10678,"NoRidge"
119500,5,923,1,264,876,1984,1,3,6951,"Mitchel"
115000,6,1224,1,210,818,1926,1,3,3950,"OldTown"
154900,5,1343,1,186,731,1921,1,3,7681,"Crawfor"
93000,5,1124,0,0,0,1954,1,3,8335,"Edwards"
250000,7,2514,2,693,1216,1990,2,4,11170,"Timber"
392500,8,1652,2,482,1600,2008,2,2,5587,"Crawfor"
745000,10,4476,3,813,2396,1996,3,4,15623,"NoRidge"
120000,5,1130,2,720,1120,1920,1,2,10800,"OldTown"
186700,5,1572,3,995,1572,1963,1,3,35133,"Timber"
104900,5,1221,1,392,784,1924,1,4,9738,"Edwards"
95000,3,1699,2,420,978,1900,2,3,10615,"OldTown"
262000,8,1624,3,757,1624,1994,2,2,12461,"NoRidge"
195000,7,1660,2,493,831,2002,2,3,8935,"CollgCr"
189000,7,1804,2,442,994,1999,2,3,7500,"Gilbert"
168000,4,1622,4,1356,1249,1961,1,3,32463,"Mitchel"
174000,8,1441,2,492,776,1999,2,2,2645,"Somerst"
125000,5,1472,1,250,702,1925,1,3,9600,"OldTown"
165000,6,1224,2,402,1224,1999,2,2,4500,"Mitchel"
158000,6,1352,1,299,663,1969,1,4,9364,"Sawyer"
176000,6,1456,2,400,728,2005,2,3,8029,"Gilbert"
219210,7,1863,3,660,879,2006,2,4,14054,"Gilbert"
144000,7,1690,1,225,815,1916,1,3,8850,"OldTown"
178000,7,1212,2,573,1212,2001,2,3,9100,"CollgCr"
148000,4,1382,2,459,1051,1963,1,3,11235,"Sawyer"
116050,4,864,1,280,864,1970,1,3,9353,"NAmes"
197900,7,1779,2,546,866,1998,2,3,10400,"CollgCr"
117000,5,1348,1,216,884,1925,1,3,6000,"BrkSide"
213000,7,1630,2,451,1630,2000,2,3,9750,"CollgCr"
153500,5,1074,2,495,1056,1975,1,3,10140,"NWAmes"
271900,7,2196,3,701,2158,1990,2,3,14684,"SawyerW"
107000,4,1056,1,384,1056,1966,1,2,8900,"SawyerW"
200000,6,1700,2,544,1682,2003,2,3,9135,"CollgCr"
140000,5,1283,2,506,931,1962,1,3,7763,"NAmes"
290000,8,1660,2,500,1660,2006,2,3,10182,"Somerst"
189000,6,1845,2,462,1055,1992,2,3,11218,"SawyerW"
164000,8,1752,2,492,559,1988,2,4,12134,"Gilbert"
113000,4,672,1,234,672,1941,1,2,9340,"Edwards"
145000,4,960,1,364,648,1965,0,0,10246,"Sawyer"
134500,5,999,1,300,925,1962,1,3,10205,"NAmes"
125000,5,894,1,384,894,1966,1,3,7094,"Sawyer"
112000,6,1902,2,539,0,1978,2,4,8930,"Sawyer"
229456,8,1314,2,552,1300,2009,2,3,8640,"Somerst"
80500,4,912,0,0,0,1947,1,2,6240,"BrkSide"
91500,6,1218,0,0,672,1971,1,3,1680,"BrDale"
115000,5,912,1,288,912,1964,1,2,7800,"NAmes"
134000,5,1211,1,322,952,1968,1,3,8250,"Sawyer"
143000,6,1846,1,315,1040,1949,2,3,10496,"NAmes"
137900,5,2136,2,528,2136,1951,2,4,10680,"NAmes"
184000,7,1490,2,388,788,2004,2,3,15384,"Gilbert"
145000,6,1138,1,264,588,1958,1,3,10482,"NAmes"
214000,6,1933,3,668,894,2007,2,4,14598,"Somerst"
147000,5,912,2,576,912,1965,1,2,8872,"NAmes"
367294,9,1702,3,1052,1702,2008,1,1,8769,"NridgHt"
127000,5,1507,1,404,1075,1960,2,4,7910,"NAmes"
190000,5,2620,2,600,1361,1977,2,4,18890,"Sawyer"
132500,5,1190,2,540,1106,1962,1,3,7728,"NAmes"
101800,4,1224,2,462,0,1962,2,2,9842,"NAmes"
142000,5,1188,2,531,1188,1959,1,3,12160,"NAmes"
130000,5,1964,0,0,940,1911,1,4,8525,"SWISU"
138887,5,1784,1,180,747,1914,1,4,13132,"Crawfor"
175500,7,1626,2,474,764,2003,2,2,2628,"NridgHt"
195000,7,1948,2,434,847,2004,2,4,12393,"CollgCr"
142500,6,1141,2,484,1141,2005,1,3,13072,"SawyerW"
265900,8,1484,2,472,1476,2006,2,2,9037,"Timber"
224900,7,1768,2,543,884,2003,2,3,8158,"CollgCr"
248328,7,1689,3,954,1689,2007,2,3,9849,"Somerst"
170000,7,1173,2,528,1053,1974,2,3,10625,"NWAmes"
465000,10,2076,3,850,2076,2006,2,2,13891,"NridgHt"
230000,8,1517,2,400,792,1929,1,3,11435,"Crawfor"
178000,6,1868,2,477,585,1984,3,3,12090,"NWAmes"
186500,7,1553,2,615,756,2005,2,3,8125,"Somerst"
169900,6,1034,3,888,1012,1976,1,3,12328,"Mitchel"
129500,6,2058,2,396,735,1917,1,3,9600,"OldTown"
119000,5,988,1,276,876,1950,1,3,7200,"NAmes"
244000,7,2110,2,522,2110,1968,2,3,11160,"NAmes"
171750,7,1405,2,478,1405,2003,2,2,3136,"NridgHt"
130000,5,874,1,288,864,1968,1,3,9858,"Mitchel"
294000,7,2167,2,518,1192,1974,2,3,17542,"Veenker"
165400,7,1656,2,397,746,2003,2,3,6931,"Edwards"
127500,6,1367,1,560,884,1931,1,3,6240,"BrkSide"
301500,8,1987,2,691,1986,1994,2,2,14303,"NoRidge"
99900,5,864,0,0,864,1922,1,2,4060,"Edwards"
190000,7,1166,2,400,856,2005,2,2,9587,"Gilbert"
151000,6,1054,2,460,1054,1969,1,3,9750,"NAmes"
181000,6,1675,2,502,841,1999,2,3,24682,"Gilbert"
128900,5,1050,1,338,1050,1956,1,2,9600,"NAmes"
161500,4,1788,1,304,1104,1957,1,5,11250,"ClearCr"
180500,6,1824,2,520,764,1919,1,3,13515,"BrkSide"
181000,6,1337,2,511,1405,1998,2,2,4060,"NAmes"
183900,7,1452,2,506,691,1999,2,3,3735,"Somerst"
122000,7,1889,1,308,925,1910,1,4,10120,"OldTown"
378500,9,2018,3,746,2002,2008,2,3,13214,"Timber"
381000,8,3447,3,1014,728,1935,3,4,14100,"Crawfor"
144000,5,1524,1,315,874,1958,1,3,11344,"NAmes"
260000,7,1524,2,586,1332,1979,0,0,23595,"ClearCr"
185750,6,1489,2,462,1489,1968,2,3,9156,"NWAmes"
137000,5,935,1,288,935,1965,1,3,13526,"Sawyer"
177000,6,1357,1,312,1019,1959,1,2,11512,"Edwards"
139000,5,1250,2,552,661,1910,2,3,5362,"Crawfor"
137000,5,1920,2,400,928,1948,2,4,11345,"NAmes"
162000,6,1395,2,497,723,1972,1,3,12936,"NWAmes"
197900,6,1724,2,480,1680,1967,1,3,17871,"NWAmes"
237000,8,2031,2,577,1128,2002,2,3,9473,"CollgCr"
68400,4,1128,2,528,698,1920,1,2,7500,"IDOTRR"
227000,7,1573,2,544,1573,2002,2,3,9808,"CollgCr"
180000,7,1339,2,484,1309,1990,2,2,8049,"Timber"
150500,5,1040,2,484,1040,1977,2,3,8800,"CollgCr"
139000,6,1824,0,0,912,1971,2,4,9400,"Mitchel"
169000,6,2447,1,336,804,1919,2,4,9638,"SWISU"
132500,6,1412,1,280,780,1939,1,4,6000,"BrkSide"
143000,6,1328,2,528,1328,1963,1,3,9790,"NWAmes"
190000,5,1582,2,390,1624,1964,2,4,36500,"ClearCr"
278000,8,1659,2,499,1501,2000,2,2,5664,"StoneBr"
281000,8,1970,3,753,1085,2006,2,3,11065,"NridgHt"
180500,5,1152,2,484,1152,1964,1,3,14112,"NAmes"
119500,5,1302,1,264,630,1972,2,3,1680,"BrDale"
107500,5,2372,1,432,994,1892,2,4,6600,"OldTown"
162900,7,1664,2,528,832,1976,2,4,10140,"NWAmes"
115000,5,864,2,572,864,1955,1,2,8172,"Edwards"
138500,5,1052,1,288,1052,1968,1,3,8400,"NAmes"
155000,5,1128,2,525,1120,1963,2,3,8700,"NAmes"
140000,6,1072,2,525,547,2005,2,2,3675,"Edwards"
160000,10,5642,2,1418,6110,2008,2,3,63887,"Edwards"
154000,5,1246,1,305,1246,1959,1,3,7500,"NAmes"
225000,7,1983,2,490,978,1999,2,3,10762,"Gilbert"
177500,6,1494,1,213,771,1942,1,3,7500,"Crawfor"
290000,8,2526,3,844,1165,1994,2,4,10120,"NoRidge"
232000,7,1616,3,834,1616,2005,2,3,8688,"Somerst"
130000,7,1708,2,380,976,2004,2,3,3363,"Edwards"
325000,9,1652,2,840,1652,2006,2,2,13173,"NridgHt"
202500,7,1368,2,474,1368,2005,2,2,6955,"NridgHt"
138000,5,990,2,480,990,1994,1,3,8072,"CollgCr"
147000,5,1122,2,528,924,1948,1,2,12000,"OldTown"
179200,6,1294,2,496,1278,1991,2,3,7153,"SawyerW"
335000,7,1902,2,567,1902,1959,2,3,17500,"Crawfor"
203000,7,1274,2,508,1274,2005,2,3,8814,"CollgCr"
302000,8,2810,2,750,1453,1990,2,4,9572,"NoRidge"
333168,9,2599,3,779,1393,1999,2,4,14774,"NoRidge"
119000,4,948,1,280,948,1954,1,3,8190,"Edwards"
206900,6,2112,2,576,952,1969,2,4,11075,"NAmes"
295493,8,1630,3,860,1622,2008,2,3,10226,"CollgCr"
208900,7,1352,2,466,1352,2006,2,2,4230,"Somerst"
275000,8,1787,3,748,1753,2001,2,3,14781,"CollgCr"
111000,4,948,1,248,864,1954,1,3,10215,"Edwards"
156500,6,1478,2,442,1478,1957,1,3,8400,"NAmes"
72500,3,720,1,287,0,1949,1,2,6627,"BrkSide"
190000,7,1923,2,564,750,1992,2,3,10186,"NoRidge"
82500,4,708,0,0,420,1940,1,2,5330,"BrkSide"
147000,8,1795,3,895,1795,2006,2,2,9986,"Somerst"
55000,4,796,0,0,796,1922,1,2,3636,"IDOTRR"
79000,3,774,0,0,544,1931,1,3,4270,"Edwards"
130500,5,816,1,264,816,1982,1,3,6600,"Mitchel"
256000,6,2792,2,520,1510,1920,2,5,10440,"OldTown"
176500,7,1632,2,462,935,1998,2,3,9084,"Gilbert"
227000,8,1588,3,825,1588,2006,2,3,10000,"Somerst"
132500,5,954,2,576,911,1976,1,3,10780,"CollgCr"
100000,4,816,1,288,816,1938,1,2,8877,"Edwards"
125500,5,1360,1,297,803,1938,1,2,7200,"IDOTRR"
125000,5,1365,2,440,765,1970,1,3,2368,"BrDale"
167900,6,1334,2,630,1350,1977,2,2,9650,"NWAmes"
135000,5,1656,2,506,1656,1973,2,4,9246,"NWAmes"
52500,4,693,0,0,693,1941,1,2,4118,"OldTown"
200000,7,1861,2,492,916,2002,2,3,13450,"CollgCr"
128500,5,864,1,288,864,1972,1,3,9560,"CollgCr"
123000,4,872,4,480,858,1971,1,3,8294,"NAmes"
155000,6,1114,2,576,1114,2003,1,3,13695,"SawyerW"
228500,8,2169,2,647,1284,2002,2,3,9375,"CollgCr"
177000,6,1913,2,342,896,1928,1,3,7558,"Crawfor"
155835,7,1456,2,440,728,2006,2,3,11103,"CollgCr"
108500,4,960,1,308,960,1920,1,2,6000,"OldTown"
262500,7,2156,2,508,1568,1968,2,3,20781,"NWAmes"
283463,8,1776,3,712,1732,2006,2,3,15306,"Timber"
215000,7,1494,2,514,1482,1998,2,3,16196,"SawyerW"
122000,8,2358,0,0,684,1872,2,4,5250,"OldTown"
200000,5,2634,4,968,1248,1969,2,6,11643,"NAmes"
171000,6,1716,2,490,858,1962,1,4,9247,"NAmes"
134900,6,1176,2,624,698,1937,1,2,6000,"BrkSide"
410000,8,3238,3,666,2033,1995,2,4,14720,"NoRidge"
235000,7,1865,3,839,992,2000,2,3,10316,"CollgCr"
170000,7,1920,2,487,570,1968,3,4,10192,"NWAmes"
110000,5,892,1,264,864,1966,1,3,9477,"NAmes"
149900,5,1078,2,500,1078,1971,1,3,12537,"NAmes"
177500,6,1573,2,440,756,2000,2,3,2117,"Somerst"
315000,9,1980,3,770,1980,2004,2,3,16737,"NridgHt"
189000,5,2601,2,621,612,1921,3,4,9842,"SWISU"
260000,7,1530,2,430,1530,2005,2,3,16158,"StoneBr"
104900,4,1738,1,368,715,1920,2,4,12513,"NAmes"
156932,6,1412,2,432,616,2006,2,3,8499,"Gilbert"
144152,7,1200,2,480,600,2005,2,2,3180,"Somerst"
216000,7,1674,2,663,814,2000,2,3,7500,"Somerst"
193000,7,1790,2,588,873,1999,2,3,9179,"CollgCr"
127000,5,1475,1,336,757,1977,2,4,2665,"MeadowV"
144000,6,848,2,420,848,2003,1,1,4435,"CollgCr"
232000,8,1668,2,502,1657,2003,2,3,10635,"CollgCr"
105000,4,1374,1,338,840,1920,1,2,5400,"OldTown"
165500,6,1661,1,377,992,1955,1,3,9600,"NAmes"
274300,7,2097,2,583,1108,1998,2,3,9750,"CollgCr"
466500,10,2633,3,804,2633,2001,2,2,11400,"NoRidge"
250000,7,1958,3,936,1026,2005,2,3,10625,"Somerst"
239000,8,1571,3,722,1571,2007,2,3,10991,"Timber"
91000,6,790,1,160,768,1930,1,2,6292,"SWISU"
117000,5,1604,2,660,984,1941,2,3,10998,"Edwards"
83000,6,987,1,264,483,1973,1,2,1953,"BrDale"
167500,5,1394,2,400,384,2006,2,3,9735,"Timber"
58500,3,864,1,200,864,1914,1,2,8212,"Edwards"
237500,6,2117,2,550,1205,1970,2,4,12925,"NAmes"
157000,7,1762,2,576,596,1920,1,4,7200,"OldTown"
112000,5,1416,2,576,816,1918,2,3,25339,"Sawyer"
105000,6,1258,1,280,560,1939,1,2,9060,"Edwards"
125500,4,1154,1,240,796,1922,1,3,5436,"IDOTRR"
250000,7,2784,2,564,1392,1978,3,5,16692,"NWAmes"
136000,6,2526,1,216,714,1916,2,5,8520,"OldTown"
377500,9,1746,3,758,1746,2006,2,3,14892,"Gilbert"
131000,6,1218,2,440,735,1941,1,3,6000,"BrkSide"
235000,7,1525,2,541,1525,2000,2,3,9100,"CollgCr"
124000,5,1584,3,792,1584,1967,2,4,8944,"NAmes"
123000,5,900,1,288,864,1967,1,3,7838,"NAmes"
163000,6,1912,2,672,482,1905,2,3,10800,"OldTown"
246578,7,1500,3,648,1356,2006,2,2,4045,"Blmngtn"
281213,8,2482,3,642,1094,2005,2,4,12665,"Timber"
160000,5,1687,2,572,747,1948,1,3,57200,"Timber"
137500,5,1513,1,180,939,1920,1,4,6120,"BrkSide"
138000,5,1904,1,240,1208,1950,1,3,7200,"NAmes"
137450,6,1608,1,216,976,1925,2,3,6171,"SWISU"
120000,6,1158,1,208,862,1929,1,3,6000,"BrkSide"
193000,6,1593,2,398,839,2004,2,3,7415,"Gilbert"
193879,7,1294,2,662,1286,2006,2,2,6762,"CollgCr"
282922,8,1464,3,754,1485,2007,2,3,15256,"Somerst"
105000,3,1214,3,936,672,1915,1,3,10410,"OldTown"
275000,8,1646,2,482,1594,2004,2,2,3842,"Crawfor"
133000,5,768,2,396,768,1972,1,2,8445,"CollgCr"
112000,5,833,0,0,833,1985,1,3,8780,"Mitchel"
125500,4,1363,2,528,622,1910,1,3,7740,"OldTown"
215000,7,2093,2,542,791,1986,2,3,20544,"NWAmes"
230000,7,1840,2,622,944,2001,2,3,12420,"CollgCr"
140000,6,1668,1,271,856,1950,1,3,9600,"NAmes"
90000,4,1040,2,420,0,1949,2,2,7200,"NAmes"
257000,8,1844,2,620,1844,2005,2,2,10994,"SawyerW"
207000,6,1848,2,370,833,1923,1,4,13053,"BrkSide"
175900,7,1569,3,660,1386,2007,2,1,3635,"Blmngtn"
122500,4,2290,2,560,777,1885,2,4,11340,"OldTown"
340000,8,2450,3,1069,1284,1998,2,3,16545,"NoRidge"
124000,5,1144,1,336,1144,1963,1,3,9204,"NAmes"
223000,6,1844,2,540,1844,1969,2,3,16381,"Crawfor"
179900,6,1416,2,776,708,1968,2,3,11700,"NWAmes"
127500,6,1069,2,440,1069,1977,2,2,4043,"NPkVill"
136500,6,848,2,420,848,2003,1,1,4435,"CollgCr"
274970,6,2201,2,432,697,1966,2,4,19690,"Edwards"
144000,5,1344,1,484,1024,1958,1,2,9503,"NAmes"
142000,6,1252,2,528,1252,1959,1,3,10721,"NAmes"
271000,7,2127,2,525,1223,1994,2,3,10944,"NoRidge"
140000,5,1558,1,288,913,1945,1,3,10930,"NAmes"
119000,5,804,1,240,788,1940,1,2,7200,"OldTown"
182900,6,1440,2,467,1440,1981,2,3,12546,"NWAmes"
192140,5,1838,2,372,732,2005,2,4,21930,"Gilbert"
143750,6,958,2,440,958,1976,2,2,4928,"NPkVill"
64500,4,968,1,216,656,1927,2,4,10800,"OldTown"
186500,6,1792,2,451,936,2000,2,3,10261,"Gilbert"
160000,5,1126,2,484,1126,1977,2,3,17400,"Mitchel"
174000,6,1537,2,462,1319,1962,1,3,8400,"NAmes"
120500,4,864,2,528,864,1971,1,3,9000,"NAmes"
394617,8,1932,3,774,1932,2008,2,2,12444,"NridgHt"
149700,6,1236,2,923,912,1957,1,2,7407,"OldTown"
197000,7,1725,2,550,539,1979,2,3,11584,"NWAmes"
191000,6,2555,2,672,588,1922,2,3,11526,"Crawfor"
149300,6,848,2,420,848,2004,1,1,4426,"CollgCr"
310000,10,2007,3,812,1017,2008,2,3,11003,"Somerst"
121000,6,952,1,192,952,1916,1,2,8854,"BrkSide"
179600,7,1422,2,626,1422,2004,2,3,8500,"CollgCr"
129000,6,913,1,240,814,1966,1,3,8400,"Sawyer"
157900,5,1188,1,312,1188,1962,1,3,26142,"Mitchel"
240000,8,2090,2,556,1220,1995,2,3,10000,"CollgCr"
112000,4,1346,1,384,560,1910,1,2,11767,"Edwards"
92000,5,630,0,0,630,1970,1,1,1533,"MeadowV"
136000,5,1792,0,0,896,1974,2,4,9000,"NAmes"
287090,8,1578,3,840,1573,2008,2,3,9262,"Somerst"
145000,5,1072,2,525,547,2005,1,2,3675,"Edwards"
84500,5,1140,0,0,1140,2006,1,3,17217,"Mitchel"
185000,7,1221,2,400,1221,2004,2,2,7500,"Somerst"
175000,6,1647,2,460,953,1999,2,3,7917,"Gilbert"
210000,6,2073,2,500,1542,1978,2,3,13175,"NWAmes"
266500,7,2340,1,252,1152,1941,2,4,9042,"Crawfor"
142125,5,1078,1,240,1078,1950,1,2,9717,"NAmes"
147500,5,1256,1,276,1256,1965,1,3,9937,"Edwards"
